01 | Alimentos y bebidas no alcohólicas | Nivel general y divisiones COICOP | 600.000000 |  |  | Nacional | 2016 - Diciembre
02 | Bebidas alcohólicas y tabaco | Nivel general y divisiones COICOP | 500.000000 |  |  | Nacional | 2016 - Diciembre
03 | Prendas de vestir y calzado | Nivel general y divisiones COICOP | 700.000000 |  |  | Nacional | 2016 - Diciembre
05 | Equipamiento y mantenimiento del hogar | Nivel general y divisiones COICOP | 500.000000 |  |  | Nacional | 2016 - Diciembre
12 | Bienes y servicios varios | Nivel general y divisiones COICOP | 700.000000 |  |  | Nacional | 2016 - Diciembre
01 | Alimentos y bebidas no alcohólicas | Nivel general y divisiones COICOP | 709.092200 |  |  | Nacional | 2017 - Enero
02 | Bebidas alcohólicas y tabaco | Nivel general y divisiones COICOP | 606.048200 |  |  | Nacional | 2017 - Enero
03 | Prendas de vestir y calzado | Nivel general y divisiones COICOP | 698.098100 |  |  | Nacional | 2017 - Enero
05 | Equipamiento y mantenimiento del hogar | Nivel general y divisiones COICOP | 605.270100 |  |  | Nacional | 2017 - Enero
12 | Bienes y servicios varios | Nivel general y divisiones COICOP | 714.232000 |  |  | Nacional | 2017 - Enero
02 | Bebidas alcohólicas y tabaco | Nivel general y divisiones COICOP | 734.724900 |  |  | Nacional | 2017 - Febrero
03 | Prendas de vestir y calzado | Nivel general y divisiones COICOP | 596.671100 |  |  | Nacional | 2017 - Febrero
05 | Equipamiento y mantenimiento del hogar | Nivel general y divisiones COICOP | 709.205500 |  |  | Nacional | 2017 - Febrero
12 | Bienes y servicios varios | Nivel general y divisiones COICOP | 725.623700 |  |  | Nacional | 2017 - Febrero
01 | Alimentos y bebidas no alcohólicas | Nivel general y divisiones COICOP | 738.899100 |  |  | Nacional | 2017 - Marzo
02 | Bebidas alcohólicas y tabaco | Nivel general y divisiones COICOP | 749.730900 |  |  | Nacional | 2017 - Marzo
03 | Prendas de vestir y calzado | Nivel general y divisiones COICOP | 716.923100 |  |  | Nacional | 2017 - Marzo
05 | Equipamiento y mantenimiento del hogar | Nivel general y divisiones COICOP | 716.324900 |  |  | Nacional | 2017 - Marzo
12 | Bienes y servicios varios | Nivel general y divisiones COICOP | 739.292000 |  |  | Nacional | 2017 - Marzo
01 | Alimentos y bebidas no alcohólicas | Nivel general y divisiones COICOP | 755.643900 |  |  | Nacional | 2017 - Abril
03 | Prendas de vestir y calzado | Nivel general y divisiones COICOP | 740.388400 |  |  | Nacional | 2017 - Abril
05 | Equipamiento y mantenimiento del hogar | Nivel general y divisiones COICOP | 724.931900 |  |  | Nacional | 2017 - Abril
12 | Bienes y servicios varios | Nivel general y divisiones COICOP | 645.552300 |  |  | Nacional | 2017 - Abril
01 | Alimentos y bebidas no alcohólicas | Nivel general y divisiones COICOP | 766.927600 |  |  | Nacional | 2017 - Mayo
02 | Bebidas alcohólicas y tabaco | Nivel general y divisiones COICOP | 669.620000 |  |  | Nacional | 2017 - Mayo
03 | Prendas de vestir y calzado | Nivel general y divisiones COICOP | 755.436100 |  |  | Nacional | 2017 - Mayo
05 | Equipamiento y mantenimiento del hogar | Nivel general y divisiones COICOP | 743.138400 |  |  | Nacional | 2017 - Mayo
12 | Bienes y servicios varios | Nivel general y divisiones COICOP | 763.871800 |  |  | Nacional | 2017 - Mayo
01 | Alimentos y bebidas no alcohólicas | Nivel general y divisiones COICOP | 772.955300 |  |  | Nacional | 2017 - Junio
02 | Bebidas alcohólicas y tabaco | Nivel general y divisiones COICOP | 788.324200 |  |  | Nacional | 2017 - Junio
03 | Prendas de vestir y calzado | Nivel general y divisiones COICOP | 762.971100 |  |  | Nacional | 2017 - Junio
05 | Equipamiento y mantenimiento del hogar | Nivel general y divisiones COICOP | 751.717200 |  |  | Nacional | 2017 - Junio
12 | Bienes y servicios varios | Nivel general y divisiones COICOP | 774.646200 |  |  | Nacional | 2017 - Junio
01 | Alimentos y bebidas no alcohólicas | Nivel general y divisiones COICOP | 780.873200 |  |  | Nacional | 2017 - Julio
02 | Bebidas alcohólicas y tabaco | Nivel general y divisiones COICOP | 809.573400 |  |  | Nacional | 2017 - Julio
03 | Prendas de vestir y calzado | Nivel general y divisiones COICOP | 757.562100 |  |  | Nacional | 2017 - Julio
05 | Equipamiento y mantenimiento del hogar | Nivel general y divisiones COICOP | 768.827100 |  |  | Nacional | 2017 - Julio
12 | Bienes y servicios varios | Nivel general y divisiones COICOP | 783.299900 |  |  | Nacional | 2017 - Julio
01 | Alimentos y bebidas no alcohólicas | Nivel general y divisiones COICOP | 795.448900 |  |  | Nacional | 2017 - Agosto
02 | Bebidas alcohólicas y tabaco | Nivel general y divisiones COICOP | 821.831200 |  |  | Nacional | 2017 - Agosto
05 | Equipamiento y mantenimiento del hogar | Nivel general y divisiones COICOP | 775.274100 |  |  | Nacional | 2017 - Agosto
12 | Bienes y servicios varios | Nivel general y divisiones COICOP | 797.675700 |  |  | Nacional | 2017 - Agosto
01 | Alimentos y bebidas no alcohólicas | Nivel general y divisiones COICOP | 810.310000 |  |  | Nacional | 2017 - Mayo
02 | Bebidas alcohólicas y tabaco | Nivel general y divisiones COICOP | 827.311600 |  |  | Nacional | 2017 - Mayo
03 | Prendas de vestir y calzado | Nivel general y divisiones COICOP | 661.800000 |  |  | Nacional | 2017 - Mayo
05 | Equipamiento y mantenimiento del hogar | Nivel general y divisiones COICOP | 782.970400 |  |  | Nacional | 2017 - Mayo
12 | Bienes y servicios varios | Nivel general y divisiones COICOP | 808.884700 |  |  | Nacional | 2017 - Mayo
01 | Alimentos y bebidas no alcohólicas | Nivel general y divisiones COICOP | 823.260800 |  |  | Nacional | 2017 - Octubre
02 | Bebidas alcohólicas y tabaco | Nivel general y divisiones COICOP | 850.850200 |  |  | Nacional | 2017 - Octubre
03 | Prendas de vestir y calzado | Nivel general y divisiones COICOP | 678.785500 |  |  | Nacional | 2017 - Octubre
05 | Equipamiento y mantenimiento del hogar | Nivel general y divisiones COICOP | 788.649700 |  |  | Nacional | 2017 - Octubre
12 | Bienes y servicios varios | Nivel general y divisiones COICOP | 819.146900 |  |  | Nacional | 2017 - Octubre
01 | Alimentos y bebidas no alcohólicas | Nivel general y divisiones COICOP | 833.513000 |  |  | Nacional | 2017 - Noviembre
02 | Bebidas alcohólicas y tabaco | Nivel general y divisiones COICOP | 860.006400 |  |  | Nacional | 2017 - Noviembre
03 | Prendas de vestir y calzado | Nivel general y divisiones COICOP | 800.740000 |  |  | Nacional | 2017 - Noviembre
05 | Equipamiento y mantenimiento del hogar | Nivel general y divisiones COICOP | 795.754900 |  |  | Nacional | 2017 - Noviembre
12 | Bienes y servicios varios | Nivel general y divisiones COICOP | 828.197300 |  |  | Nacional | 2017 - Noviembre
01 | Alimentos y bebidas no alcohólicas | Nivel general y divisiones COICOP | 840.343800 |  |  | Nacional | 2017 - Diciembre
02 | Bebidas alcohólicas y tabaco | Nivel general y divisiones COICOP | 864.397700 |  |  | Nacional | 2017 - Diciembre
03 | Prendas de vestir y calzado | Nivel general y divisiones COICOP | 808.843900 |  |  | Nacional | 2017 - Diciembre
05 | Equipamiento y mantenimiento del hogar | Nivel general y divisiones COICOP | 817.106600 |  |  | Nacional | 2017 - Diciembre
12 | Bienes y servicios varios | Nivel general y divisiones COICOP | 838.929500 |  |  | Nacional | 2017 - Diciembre
01 | Alimentos y bebidas no alcohólicas | Nivel general y divisiones COICOP | 854.293000 |  |  | Nacional | 2018 - Enero
02 | Bebidas alcohólicas y tabaco | Nivel general y divisiones COICOP | 883.877600 |  |  | Nacional | 2018 - Enero
03 | Prendas de vestir y calzado | Nivel general y divisiones COICOP | 805.806000 |  |  | Nacional | 2018 - Enero
05 | Equipamiento y mantenimiento del hogar | Nivel general y divisiones COICOP | 825.186300 |  |  | Nacional | 2018 - Enero
12 | Bienes y servicios varios | Nivel general y divisiones COICOP | 855.142100 |  |  | Nacional | 2018 - Enero
01 | Alimentos y bebidas no alcohólicas | Nivel general y divisiones COICOP | 872.125000 |  |  | Nacional | 2018 - Febrero
02 | Bebidas alcohólicas y tabaco | Nivel general y divisiones COICOP | 899.387500 |  |  | Nacional | 2018 - Febrero
03 | Prendas de vestir y calzado | Nivel general y divisiones COICOP | 803.899600 |  |  | Nacional | 2018 - Febrero
05 | Equipamiento y mantenimiento del hogar | Nivel general y divisiones COICOP | 839.287300 |  |  | Nacional | 2018 - Febrero
12 | Bienes y servicios varios | Nivel general y divisiones COICOP | 869.908700 |  |  | Nacional | 2018 - Febrero
01 | Alimentos y bebidas no alcohólicas | Nivel general y divisiones COICOP | 893.719100 |  |  | Nacional | 2018 - Marzo
02 | Bebidas alcohólicas y tabaco | Nivel general y divisiones COICOP | 905.734700 |  |  | Nacional | 2018 - Marzo
03 | Prendas de vestir y calzado | Nivel general y divisiones COICOP | 828.141700 |  |  | Nacional | 2018 - Marzo
05 | Equipamiento y mantenimiento del hogar | Nivel general y divisiones COICOP | 875.125800 |  |  | Nacional | 2018 - Marzo
12 | Bienes y servicios varios | Nivel general y divisiones COICOP | 883.876800 |  |  | Nacional | 2018 - Marzo
01 | Alimentos y bebidas no alcohólicas | Nivel general y divisiones COICOP | 906.896100 |  |  | Nacional | 2018 - Abril
02 | Bebidas alcohólicas y tabaco | Nivel general y divisiones COICOP | 918.066500 |  |  | Nacional | 2018 - Abril
03 | Prendas de vestir y calzado | Nivel general y divisiones COICOP | 860.284500 |  |  | Nacional | 2018 - Abril
12 | Bienes y servicios varios | Nivel general y divisiones COICOP | 898.849600 |  |  | Nacional | 2018 - Abril
01 | Alimentos y bebidas no alcohólicas | Nivel general y divisiones COICOP | 935.001900 |  |  | Nacional | 2018 - Mayo
02 | Bebidas alcohólicas y tabaco | Nivel general y divisiones COICOP | 935.152100 |  |  | Nacional | 2018 - Mayo
03 | Prendas de vestir y calzado | Nivel general y divisiones COICOP | 875.986000 |  |  | Nacional | 2018 - Mayo
05 | Equipamiento y mantenimiento del hogar | Nivel general y divisiones COICOP | 906.923900 |  |  | Nacional | 2018 - Mayo
12 | Bienes y servicios varios | Nivel general y divisiones COICOP | 917.464000 |  |  | Nacional | 2018 - Mayo
01 | Alimentos y bebidas no alcohólicas | Nivel general y divisiones COICOP | 982.632900 |  |  | Nacional | 2018 - Junio
02 | Bebidas alcohólicas y tabaco | Nivel general y divisiones COICOP | 943.397400 |  |  | Nacional | 2018 - Junio
03 | Prendas de vestir y calzado | Nivel general y divisiones COICOP | 890.071800 |  |  | Nacional | 2018 - Junio
05 | Equipamiento y mantenimiento del hogar | Nivel general y divisiones COICOP | 807.046900 |  |  | Nacional | 2018 - Junio
12 | Bienes y servicios varios | Nivel general y divisiones COICOP | 949.094300 |  |  | Nacional | 2018 - Junio
01 | Alimentos y bebidas no alcohólicas | Nivel general y divisiones COICOP | 1022.332000 |  |  | Nacional | 2018 - Julio
02 | Bebidas alcohólicas y tabaco | Nivel general y divisiones COICOP | 968.960700 |  |  | Nacional | 2018 - Julio
03 | Prendas de vestir y calzado | Nivel general y divisiones COICOP | 894.780300 |  |  | Nacional | 2018 - Julio
05 | Equipamiento y mantenimiento del hogar | Nivel general y divisiones COICOP | 982.377700 |  |  | Nacional | 2018 - Julio
12 | Bienes y servicios varios | Nivel general y divisiones COICOP | 983.890100 |  |  | Nacional | 2018 - Julio
01 | Alimentos y bebidas no alcohólicas | Nivel general y divisiones COICOP | 1066.737800 |  |  | Nacional | 2018 - Agosto
02 | Bebidas alcohólicas y tabaco | Nivel general y divisiones COICOP | 982.867300 |  |  | Nacional | 2018 - Agosto
03 | Prendas de vestir y calzado | Nivel general y divisiones COICOP | 898.495800 |  |  | Nacional | 2018 - Agosto
05 | Equipamiento y mantenimiento del hogar | Nivel general y divisiones COICOP | 1015.016400 |  |  | Nacional | 2018 - Agosto
12 | Bienes y servicios varios | Nivel general y divisiones COICOP | 1027.866000 |  |  | Nacional | 2018 - Agosto
01 | Alimentos y bebidas no alcohólicas | Nivel general y divisiones COICOP | 1142.002800 |  |  | Nacional | 2018 - Mayo
02 | Bebidas alcohólicas y tabaco | Nivel general y divisiones COICOP | 1026.615000 |  |  | Nacional | 2018 - Mayo
03 | Prendas de vestir y calzado | Nivel general y divisiones COICOP | 972.743000 |  |  | Nacional | 2018 - Mayo
05 | Equipamiento y mantenimiento del hogar | Nivel general y divisiones COICOP | 1110.616300 |  |  | Nacional | 2018 - Mayo
12 | Bienes y servicios varios | Nivel general y divisiones COICOP | 1109.817900 |  |  | Nacional | 2018 - Mayo
01 | Alimentos y bebidas no alcohólicas | Nivel general y divisiones COICOP | 1208.174000 |  |  | Nacional | 2018 - Octubre
02 | Bebidas alcohólicas y tabaco | Nivel general y divisiones COICOP | 1048.626200 |  |  | Nacional | 2018 - Octubre
03 | Prendas de vestir y calzado | Nivel general y divisiones COICOP | 1020.963300 |  |  | Nacional | 2018 - Octubre
05 | Equipamiento y mantenimiento del hogar | Nivel general y divisiones COICOP | 1163.649000 |  |  | Nacional | 2018 - Octubre
12 | Bienes y servicios varios | Nivel general y divisiones COICOP | 1178.506000 |  |  | Nacional | 2018 - Octubre
01 | Alimentos y bebidas no alcohólicas | Nivel general y divisiones COICOP | 1250.320600 |  |  | Nacional | 2018 - Noviembre
02 | Bebidas alcohólicas y tabaco | Nivel general y divisiones COICOP | 1097.273400 |  |  | Nacional | 2018 - Noviembre
03 | Prendas de vestir y calzado | Nivel general y divisiones COICOP | 1048.695600 |  |  | Nacional | 2018 - Noviembre
05 | Equipamiento y mantenimiento del hogar | Nivel general y divisiones COICOP | 1207.181100 |  |  | Nacional | 2018 - Noviembre
12 | Bienes y servicios varios | Nivel general y divisiones COICOP | 1239.277700 |  |  | Nacional | 2018 - Noviembre
01 | Alimentos y bebidas no alcohólicas | Nivel general y divisiones COICOP | 1272.243100 |  |  | Nacional | 2018 - Diciembre
02 | Bebidas alcohólicas y tabaco | Nivel general y divisiones COICOP | 1113.162500 |  |  | Nacional | 2018 - Diciembre
03 | Prendas de vestir y calzado | Nivel general y divisiones COICOP | 1065.191700 |  |  | Nacional | 2018 - Diciembre
05 | Equipamiento y mantenimiento del hogar | Nivel general y divisiones COICOP | 1230.775900 |  |  | Nacional | 2018 - Diciembre
12 | Bienes y servicios varios | Nivel general y divisiones COICOP | 1285.571000 |  |  | Nacional | 2018 - Diciembre
01 | Alimentos y bebidas no alcohólicas | Nivel general y divisiones COICOP | 1312.101800 |  |  | Nacional | 2015 - Enero
02 | Bebidas alcohólicas y tabaco | Nivel general y divisiones COICOP | 1149.583300 |  |  | Nacional | 2015 - Enero
03 | Prendas de vestir y calzado | Nivel general y divisiones COICOP | 1067.017400 |  |  | Nacional | 2015 - Enero
05 | Equipamiento y mantenimiento del hogar | Nivel general y divisiones COICOP | 1263.758800 |  |  | Nacional | 2015 - Enero
12 | Bienes y servicios varios | Nivel general y divisiones COICOP | 1334.514100 |  |  | Nacional | 2015 - Enero
01 | Alimentos y bebidas no alcohólicas | Nivel general y divisiones COICOP | 1385.706600 |  |  | Nacional | 2015 - Febrero
02 | Bebidas alcohólicas y tabaco | Nivel general y divisiones COICOP | 1177.573400 |  |  | Nacional | 2015 - Febrero
03 | Prendas de vestir y calzado | Nivel general y divisiones COICOP | 1079.648000 |  |  | Nacional | 2015 - Febrero
05 | Equipamiento y mantenimiento del hogar | Nivel general y divisiones COICOP | 1301.650200 |  |  | Nacional | 2015 - Febrero
12 | Bienes y servicios varios | Nivel general y divisiones COICOP | 1379.256200 |  |  | Nacional | 2015 - Febrero
01 | Alimentos y bebidas no alcohólicas | Nivel general y divisiones COICOP | 1471.096900 |  |  | Nacional | 2015 - Marzo
02 | Bebidas alcohólicas y tabaco | Nivel general y divisiones COICOP | 1224.317100 |  |  | Nacional | 2015 - Marzo
03 | Prendas de vestir y calzado | Nivel general y divisiones COICOP | 1137.160100 |  |  | Nacional | 2015 - Marzo
05 | Equipamiento y mantenimiento del hogar | Nivel general y divisiones COICOP | 1346.794400 |  |  | Nacional | 2015 - Marzo
12 | Bienes y servicios varios | Nivel general y divisiones COICOP | 1422.190800 |  |  | Nacional | 2015 - Marzo
01 | Alimentos y bebidas no alcohólicas | Nivel general y divisiones COICOP | 1513.839400 |  |  | Nacional | 2015 - Abril
02 | Bebidas alcohólicas y tabaco | Nivel general y divisiones COICOP | 1236.140800 |  |  | Nacional | 2015 - Abril
03 | Prendas de vestir y calzado | Nivel general y divisiones COICOP | 1200.590100 |  |  | Nacional | 2015 - Abril
05 | Equipamiento y mantenimiento del hogar | Nivel general y divisiones COICOP | 1410.106600 |  |  | Nacional | 2015 - Abril
12 | Bienes y servicios varios | Nivel general y divisiones COICOP | 1465.104200 |  |  | Nacional | 2015 - Abril
01 | Alimentos y bebidas no alcohólicas | Nivel general y divisiones COICOP | 1550.933100 |  |  | Nacional | 2015 - Mayo
02 | Bebidas alcohólicas y tabaco | Nivel general y divisiones COICOP | 1261.549200 |  |  | Nacional | 2015 - Mayo
03 | Prendas de vestir y calzado | Nivel general y divisiones COICOP | 1243.150700 |  |  | Nacional | 2015 - Mayo
05 | Equipamiento y mantenimiento del hogar | Nivel general y divisiones COICOP | 1456.011900 |  |  | Nacional | 2015 - Mayo
12 | Bienes y servicios varios | Nivel general y divisiones COICOP | 1509.398000 |  |  | Nacional | 2015 - Mayo
01 | Alimentos y bebidas no alcohólicas | Nivel general y divisiones COICOP | 1590.089000 |  |  | Nacional | 2015 - Junio
02 | Bebidas alcohólicas y tabaco | Nivel general y divisiones COICOP | 1296.055200 |  |  | Nacional | 2015 - Junio
03 | Prendas de vestir y calzado | Nivel general y divisiones COICOP | 1271.152800 |  |  | Nacional | 2015 - Junio
05 | Equipamiento y mantenimiento del hogar | Nivel general y divisiones COICOP | 1505.222200 |  |  | Nacional | 2015 - Junio
12 | Bienes y servicios varios | Nivel general y divisiones COICOP | 1546.048500 |  |  | Nacional | 2015 - Junio
01 | Alimentos y bebidas no alcohólicas | Nivel general y divisiones COICOP | 1622.855300 |  |  | Nacional | 2015 - Julio
02 | Bebidas alcohólicas y tabaco | Nivel general y divisiones COICOP | 1306.083500 |  |  | Nacional | 2015 - Julio
03 | Prendas de vestir y calzado | Nivel general y divisiones COICOP | 1283.276700 |  |  | Nacional | 2015 - Julio
05 | Equipamiento y mantenimiento del hogar | Nivel general y divisiones COICOP | 1544.124600 |  |  | Nacional | 2015 - Julio
12 | Bienes y servicios varios | Nivel general y divisiones COICOP | 1587.772600 |  |  | Nacional | 2015 - Julio
01 | Alimentos y bebidas no alcohólicas | Nivel general y divisiones COICOP | 1700.282700 |  |  | Nacional | 2015 - Agosto
02 | Bebidas alcohólicas y tabaco | Nivel general y divisiones COICOP | 1364.340200 |  |  | Nacional | 2015 - Agosto
03 | Prendas de vestir y calzado | Nivel general y divisiones COICOP | 1324.501800 |  |  | Nacional | 2015 - Agosto
05 | Equipamiento y mantenimiento del hogar | Nivel general y divisiones COICOP | 1639.977700 |  |  | Nacional | 2015 - Agosto
01 | Alimentos y bebidas no alcohólicas | Nivel general y divisiones COICOP | 1795.821200 |  |  | Nacional | 2015 - Mayo
02 | Bebidas alcohólicas y tabaco | Nivel general y divisiones COICOP | 1441.708300 |  |  | Nacional | 2015 - Mayo
03 | Prendas de vestir y calzado | Nivel general y divisiones COICOP | 1438.965300 |  |  | Nacional | 2015 - Mayo
05 | Equipamiento y mantenimiento del hogar | Nivel general y divisiones COICOP | 1756.912600 |  |  | Nacional | 2015 - Mayo
12 | Bienes y servicios varios | Nivel general y divisiones COICOP | 1803.392100 |  |  | Nacional | 2015 - Mayo
01 | Alimentos y bebidas no alcohólicas | Nivel general y divisiones COICOP | 1838.418900 |  |  | Nacional | 2015 - Octubre
02 | Bebidas alcohólicas y tabaco | Nivel general y divisiones COICOP | 1529.292900 |  |  | Nacional | 2015 - Octubre
03 | Prendas de vestir y calzado | Nivel general y divisiones COICOP | 1510.271000 |  |  | Nacional | 2015 - Octubre
05 | Equipamiento y mantenimiento del hogar | Nivel general y divisiones COICOP | 1893.726500 |  |  | Nacional | 2015 - Octubre
12 | Bienes y servicios varios | Nivel general y divisiones COICOP | 1876.642900 |  |  | Nacional | 2015 - Octubre
01 | Alimentos y bebidas no alcohólicas | Nivel general y divisiones COICOP | 1932.197200 |  |  | Nacional | 2015 - Noviembre
02 | Bebidas alcohólicas y tabaco | Nivel general y divisiones COICOP | 1616.790500 |  |  | Nacional | 2015 - Noviembre
03 | Prendas de vestir y calzado | Nivel general y divisiones COICOP | 1578.305700 |  |  | Nacional | 2015 - Noviembre
05 | Equipamiento y mantenimiento del hogar | Nivel general y divisiones COICOP | 1911.472800 |  |  | Nacional | 2015 - Noviembre
12 | Bienes y servicios varios | Nivel general y divisiones COICOP | 1977.460400 |  |  | Nacional | 2015 - Noviembre
01 | Alimentos y bebidas no alcohólicas | Nivel general y divisiones COICOP | 1996.302600 |  |  | Nacional | 2015 - Diciembre
02 | Bebidas alcohólicas y tabaco | Nivel general y divisiones COICOP | 1667.199200 |  |  | Nacional | 2015 - Diciembre
03 | Prendas de vestir y calzado | Nivel general y divisiones COICOP | 1620.882300 |  |  | Nacional | 2015 - Diciembre
05 | Equipamiento y mantenimiento del hogar | Nivel general y divisiones COICOP | 2013.084900 |  |  | Nacional | 2015 - Diciembre
12 | Bienes y servicios varios | Nivel general y divisiones COICOP | 1742.038500 |  |  | Nacional | 2015 - Diciembre
01 | Alimentos y bebidas no alcohólicas | Nivel general y divisiones COICOP | 2090.105300 |  |  | Nacional | 2020 - Enero
02 | Bebidas alcohólicas y tabaco | Nivel general y divisiones COICOP | 1738.039000 |  |  | Nacional | 2020 - Enero
03 | Prendas de vestir y calzado | Nivel general y divisiones COICOP | 1642.591500 |  |  | Nacional | 2020 - Enero
05 | Equipamiento y mantenimiento del hogar | Nivel general y divisiones COICOP | 1995.136600 |  |  | Nacional | 2020 - Enero
12 | Bienes y servicios varios | Nivel general y divisiones COICOP | 2109.077600 |  |  | Nacional | 2020 - Enero
01 | Alimentos y bebidas no alcohólicas | Nivel general y divisiones COICOP | 2151.359300 |  |  | Nacional | 2020 - Febrero
02 | Bebidas alcohólicas y tabaco | Nivel general y divisiones COICOP | 1762.667600 |  |  | Nacional | 2020 - Febrero
03 | Prendas de vestir y calzado | Nivel general y divisiones COICOP | 1680.683000 |  |  | Nacional | 2020 - Febrero
05 | Equipamiento y mantenimiento del hogar | Nivel general y divisiones COICOP | 2036.130800 |  |  | Nacional | 2020 - Febrero
12 | Bienes y servicios varios | Nivel general y divisiones COICOP | 2157.283100 |  |  | Nacional | 2020 - Febrero
01 | Alimentos y bebidas no alcohólicas | Nivel general y divisiones COICOP | 2233.679600 |  |  | Nacional | 2020 - Marzo
02 | Bebidas alcohólicas y tabaco | Nivel general y divisiones COICOP | 1812.546100 |  |  | Nacional | 2020 - Marzo
03 | Prendas de vestir y calzado | Nivel general y divisiones COICOP | 1746.595300 |  |  | Nacional | 2020 - Marzo
05 | Equipamiento y mantenimiento del hogar | Nivel general y divisiones COICOP | 2095.245400 |  |  | Nacional | 2020 - Marzo
12 | Bienes y servicios varios | Nivel general y divisiones COICOP | 2201.824500 |  |  | Nacional | 2020 - Marzo
01 | Alimentos y bebidas no alcohólicas | Nivel general y divisiones COICOP | 2302.565000 |  |  | Nacional | 2020 - Abril
02 | Bebidas alcohólicas y tabaco | Nivel general y divisiones COICOP | 1841.256400 |  |  | Nacional | 2020 - Abril
03 | Prendas de vestir y calzado | Nivel general y divisiones COICOP | 1774.009000 |  |  | Nacional | 2020 - Abril
05 | Equipamiento y mantenimiento del hogar | Nivel general y divisiones COICOP | 2121.868800 |  |  | Nacional | 2020 - Abril
12 | Bienes y servicios varios | Nivel general y divisiones COICOP | 1886.405200 |  |  | Nacional | 2020 - Abril
01 | Alimentos y bebidas no alcohólicas | Nivel general y divisiones COICOP | 2320.224800 |  |  | Nacional | 2020 - Mayo
02 | Bebidas alcohólicas y tabaco | Nivel general y divisiones COICOP | 1841.743400 |  |  | Nacional | 2020 - Mayo
03 | Prendas de vestir y calzado | Nivel general y divisiones COICOP | 1879.302700 |  |  | Nacional | 2020 - Mayo
05 | Equipamiento y mantenimiento del hogar | Nivel general y divisiones COICOP | 2180.947600 |  |  | Nacional | 2020 - Mayo
12 | Bienes y servicios varios | Nivel general y divisiones COICOP | 2244.313000 |  |  | Nacional | 2020 - Mayo
01 | Alimentos y bebidas no alcohólicas | Nivel general y divisiones COICOP | 2346.761400 |  |  | Nacional | 2020 - Junio
02 | Bebidas alcohólicas y tabaco | Nivel general y divisiones COICOP | 1916.711000 |  |  | Nacional | 2020 - Junio
03 | Prendas de vestir y calzado | Nivel general y divisiones COICOP | 2007.828900 |  |  | Nacional | 2020 - Junio
05 | Equipamiento y mantenimiento del hogar | Nivel general y divisiones COICOP | 2268.998900 |  |  | Nacional | 2020 - Junio
12 | Bienes y servicios varios | Nivel general y divisiones COICOP | 2257.788300 |  |  | Nacional | 2020 - Junio
01 | Alimentos y bebidas no alcohólicas | Nivel general y divisiones COICOP | 2377.246100 |  |  | Nacional | 2020 - Julio
02 | Bebidas alcohólicas y tabaco | Nivel general y divisiones COICOP | 1941.865400 |  |  | Nacional | 2020 - Julio
03 | Prendas de vestir y calzado | Nivel general y divisiones COICOP | 2096.069400 |  |  | Nacional | 2020 - Julio
05 | Equipamiento y mantenimiento del hogar | Nivel general y divisiones COICOP | 2358.031600 |  |  | Nacional | 2020 - Julio
12 | Bienes y servicios varios | Nivel general y divisiones COICOP | 2305.589200 |  |  | Nacional | 2020 - Julio
01 | Alimentos y bebidas no alcohólicas | Nivel general y divisiones COICOP | 2455.309500 |  |  | Nacional | 2020 - Agosto
02 | Bebidas alcohólicas y tabaco | Nivel general y divisiones COICOP | 1966.214100 |  |  | Nacional | 2020 - Agosto
03 | Prendas de vestir y calzado | Nivel general y divisiones COICOP | 2137.965200 |  |  | Nacional | 2020 - Agosto
05 | Equipamiento y mantenimiento del hogar | Nivel general y divisiones COICOP | 2442.359600 |  |  | Nacional | 2020 - Agosto
12 | Bienes y servicios varios | Nivel general y divisiones COICOP | 2367.044500 |  |  | Nacional | 2020 - Agosto
01 | Alimentos y bebidas no alcohólicas | Nivel general y divisiones COICOP | 2530.035000 |  |  | Nacional | 2020 - Mayo
02 | Bebidas alcohólicas y tabaco | Nivel general y divisiones COICOP | 2048.920900 |  |  | Nacional | 2020 - Mayo
03 | Prendas de vestir y calzado | Nivel general y divisiones COICOP | 2254.808100 |  |  | Nacional | 2020 - Mayo
05 | Equipamiento y mantenimiento del hogar | Nivel general y divisiones COICOP | 2503.487800 |  |  | Nacional | 2020 - Mayo
12 | Bienes y servicios varios | Nivel general y divisiones COICOP | 2398.373800 |  |  | Nacional | 2020 - Mayo
01 | Alimentos y bebidas no alcohólicas | Nivel general y divisiones COICOP | 2651.334900 |  |  | Nacional | 2020 - Octubre
02 | Bebidas alcohólicas y tabaco | Nivel general y divisiones COICOP | 2081.356100 |  |  | Nacional | 2020 - Octubre
03 | Prendas de vestir y calzado | Nivel general y divisiones COICOP | 2378.129800 |  |  | Nacional | 2020 - Octubre
05 | Equipamiento y mantenimiento del hogar | Nivel general y divisiones COICOP | 2613.441800 |  |  | Nacional | 2020 - Octubre
12 | Bienes y servicios varios | Nivel general y divisiones COICOP | 2453.917500 |  |  | Nacional | 2020 - Octubre
01 | Alimentos y bebidas no alcohólicas | Nivel general y divisiones COICOP | 2726.180300 |  |  | Nacional | 2020 - Noviembre
02 | Bebidas alcohólicas y tabaco | Nivel general y divisiones COICOP | 2148.502900 |  |  | Nacional | 2020 - Noviembre
03 | Prendas de vestir y calzado | Nivel general y divisiones COICOP | 2480.268100 |  |  | Nacional | 2020 - Noviembre
05 | Equipamiento y mantenimiento del hogar | Nivel general y divisiones COICOP | 2720.996000 |  |  | Nacional | 2020 - Noviembre
12 | Bienes y servicios varios | Nivel general y divisiones COICOP | 2508.312400 |  |  | Nacional | 2020 - Noviembre
01 | Alimentos y bebidas no alcohólicas | Nivel general y divisiones COICOP | 2870.263100 |  |  | Nacional | 2020 - Diciembre
02 | Bebidas alcohólicas y tabaco | Nivel general y divisiones COICOP | 2232.248500 |  |  | Nacional | 2020 - Diciembre
03 | Prendas de vestir y calzado | Nivel general y divisiones COICOP | 2570.197500 |  |  | Nacional | 2020 - Diciembre
05 | Equipamiento y mantenimiento del hogar | Nivel general y divisiones COICOP | 2790.716500 |  |  | Nacional | 2020 - Diciembre
12 | Bienes y servicios varios | Nivel general y divisiones COICOP | 2557.766600 |  |  | Nacional | 2020 - Diciembre
01 | Alimentos y bebidas no alcohólicas | Nivel general y divisiones COICOP | 3010.977300 |  |  | Nacional | 2021 - Enero
02 | Bebidas alcohólicas y tabaco | Nivel general y divisiones COICOP | 2333.267600 |  |  | Nacional | 2021 - Enero
03 | Prendas de vestir y calzado | Nivel general y divisiones COICOP | 2621.836600 |  |  | Nacional | 2021 - Enero
05 | Equipamiento y mantenimiento del hogar | Nivel general y divisiones COICOP | 2881.960900 |  |  | Nacional | 2021 - Enero
12 | Bienes y servicios varios | Nivel general y divisiones COICOP | 2605.865500 |  |  | Nacional | 2021 - Enero
01 | Alimentos y bebidas no alcohólicas | Nivel general y divisiones COICOP | 3127.085900 |  |  | Nacional | 2021 - Febrero
02 | Bebidas alcohólicas y tabaco | Nivel general y divisiones COICOP | 2418.219800 |  |  | Nacional | 2021 - Febrero
03 | Prendas de vestir y calzado | Nivel general y divisiones COICOP | 2706.009000 |  |  | Nacional | 2021 - Febrero
05 | Equipamiento y mantenimiento del hogar | Nivel general y divisiones COICOP | 3010.306900 |  |  | Nacional | 2021 - Febrero
12 | Bienes y servicios varios | Nivel general y divisiones COICOP | 2686.912000 |  |  | Nacional | 2021 - Febrero
01 | Alimentos y bebidas no alcohólicas | Nivel general y divisiones COICOP | 3257.188000 |  |  | Nacional | 2021 - Marzo
02 | Bebidas alcohólicas y tabaco | Nivel general y divisiones COICOP | 2570.233100 |  |  | Nacional | 2021 - Marzo
03 | Prendas de vestir y calzado | Nivel general y divisiones COICOP | 2918.405900 |  |  | Nacional | 2021 - Marzo
05 | Equipamiento y mantenimiento del hogar | Nivel general y divisiones COICOP | 3101.478900 |  |  | Nacional | 2021 - Marzo
12 | Bienes y servicios varios | Nivel general y divisiones COICOP | 2748.132800 |  |  | Nacional | 2021 - Marzo
01 | Alimentos y bebidas no alcohólicas | Nivel general y divisiones COICOP | 3393.322200 |  |  | Nacional | 2021 - Abril
02 | Bebidas alcohólicas y tabaco | Nivel general y divisiones COICOP | 2661.664100 |  |  | Nacional | 2021 - Abril
03 | Prendas de vestir y calzado | Nivel general y divisiones COICOP | 3105.648900 |  |  | Nacional | 2021 - Abril
05 | Equipamiento y mantenimiento del hogar | Nivel general y divisiones COICOP | 3225.651800 |  |  | Nacional | 2021 - Abril
12 | Bienes y servicios varios | Nivel general y divisiones COICOP | 2847.972500 |  |  | Nacional | 2021 - Abril
01 | Alimentos y bebidas no alcohólicas | Nivel general y divisiones COICOP | 3498.898700 |  |  | Nacional | 2021 - Mayo
02 | Bebidas alcohólicas y tabaco | Nivel general y divisiones COICOP | 2706.525000 |  |  | Nacional | 2021 - Mayo
03 | Prendas de vestir y calzado | Nivel general y divisiones COICOP | 3207.313000 |  |  | Nacional | 2021 - Mayo
05 | Equipamiento y mantenimiento del hogar | Nivel general y divisiones COICOP | 3300.070700 |  |  | Nacional | 2021 - Mayo
12 | Bienes y servicios varios | Nivel general y divisiones COICOP | 2925.595500 |  |  | Nacional | 2021 - Mayo
01 | Alimentos y bebidas no alcohólicas | Nivel general y divisiones COICOP | 3612.420900 |  |  | Nacional | 2021 - Junio
02 | Bebidas alcohólicas y tabaco | Nivel general y divisiones COICOP | 2858.764200 |  |  | Nacional | 2021 - Junio
03 | Prendas de vestir y calzado | Nivel general y divisiones COICOP | 3308.656000 |  |  | Nacional | 2021 - Junio
05 | Equipamiento y mantenimiento del hogar | Nivel general y divisiones COICOP | 3409.234500 |  |  | Nacional | 2021 - Junio
12 | Bienes y servicios varios | Nivel general y divisiones COICOP | 2985.750800 |  |  | Nacional | 2021 - Junio
01 | Alimentos y bebidas no alcohólicas | Nivel general y divisiones COICOP | 3733.279800 |  |  | Nacional | 2021 - Julio
02 | Bebidas alcohólicas y tabaco | Nivel general y divisiones COICOP | 2939.022500 |  |  | Nacional | 2021 - Julio
03 | Prendas de vestir y calzado | Nivel general y divisiones COICOP | 3377.467300 |  |  | Nacional | 2021 - Julio
05 | Equipamiento y mantenimiento del hogar | Nivel general y divisiones COICOP | 3504.567900 |  |  | Nacional | 2021 - Julio
12 | Bienes y servicios varios | Nivel general y divisiones COICOP | 3070.375100 |  |  | Nacional | 2021 - Julio
01 | Alimentos y bebidas no alcohólicas | Nivel general y divisiones COICOP | 3797.601800 |  |  | Nacional | 2021 - Agosto
02 | Bebidas alcohólicas y tabaco | Nivel general y divisiones COICOP | 3003.110800 |  |  | Nacional | 2021 - Agosto
03 | Prendas de vestir y calzado | Nivel general y divisiones COICOP | 3490.771900 |  |  | Nacional | 2021 - Agosto
05 | Equipamiento y mantenimiento del hogar | Nivel general y divisiones COICOP | 3625.227600 |  |  | Nacional | 2021 - Agosto
12 | Bienes y servicios varios | Nivel general y divisiones COICOP | 3171.613500 |  |  | Nacional | 2021 - Agosto
01 | Alimentos y bebidas no alcohólicas | Nivel general y divisiones COICOP | 3904.309800 |  |  | Nacional | 2021 - Mayo
02 | Bebidas alcohólicas y tabaco | Nivel general y divisiones COICOP | 3174.544400 |  |  | Nacional | 2021 - Mayo
03 | Prendas de vestir y calzado | Nivel general y divisiones COICOP | 3687.208500 |  |  | Nacional | 2021 - Mayo
05 | Equipamiento y mantenimiento del hogar | Nivel general y divisiones COICOP | 3742.557500 |  |  | Nacional | 2021 - Mayo
12 | Bienes y servicios varios | Nivel general y divisiones COICOP | 3254.313700 |  |  | Nacional | 2021 - Mayo
01 | Alimentos y bebidas no alcohólicas | Nivel general y divisiones COICOP | 4030.217100 |  |  | Nacional | 2021 - Octubre
02 | Bebidas alcohólicas y tabaco | Nivel general y divisiones COICOP | 3251.862100 |  |  | Nacional | 2021 - Octubre
03 | Prendas de vestir y calzado | Nivel general y divisiones COICOP | 3862.355600 |  |  | Nacional | 2021 - Octubre
05 | Equipamiento y mantenimiento del hogar | Nivel general y divisiones COICOP | 3847.193000 |  |  | Nacional | 2021 - Octubre
12 | Bienes y servicios varios | Nivel general y divisiones COICOP | 3354.589200 |  |  | Nacional | 2021 - Octubre
01 | Alimentos y bebidas no alcohólicas | Nivel general y divisiones COICOP | 4121.968600 |  |  | Nacional | 2021 - Noviembre
02 | Bebidas alcohólicas y tabaco | Nivel general y divisiones COICOP | 3295.550400 |  |  | Nacional | 2021 - Noviembre
03 | Prendas de vestir y calzado | Nivel general y divisiones COICOP | 4006.465600 |  |  | Nacional | 2021 - Noviembre
05 | Equipamiento y mantenimiento del hogar | Nivel general y divisiones COICOP | 3951.458100 |  |  | Nacional | 2021 - Noviembre
12 | Bienes y servicios varios | Nivel general y divisiones COICOP | 3428.570700 |  |  | Nacional | 2021 - Noviembre
01 | Alimentos y bebidas no alcohólicas | Nivel general y divisiones COICOP | 4303.020100 |  |  | Nacional | 2021 - Diciembre
02 | Bebidas alcohólicas y tabaco | Nivel general y divisiones COICOP | 3472.947700 |  |  | Nacional | 2021 - Diciembre
03 | Prendas de vestir y calzado | Nivel general y divisiones COICOP | 4203.411500 |  |  | Nacional | 2021 - Diciembre
05 | Equipamiento y mantenimiento del hogar | Nivel general y divisiones COICOP | 4080.734600 |  |  | Nacional | 2021 - Diciembre
12 | Bienes y servicios varios | Nivel general y divisiones COICOP | 3537.996300 |  |  | Nacional | 2021 - Diciembre
01 | Alimentos y bebidas no alcohólicas | Nivel general y divisiones COICOP | 4499.536700 |  |  | Nacional | 2022 - Enero
02 | Bebidas alcohólicas y tabaco | Nivel general y divisiones COICOP | 3534.908600 |  |  | Nacional | 2022 - Enero
03 | Prendas de vestir y calzado | Nivel general y divisiones COICOP | 4315.952400 |  |  | Nacional | 2022 - Enero
05 | Equipamiento y mantenimiento del hogar | Nivel general y divisiones COICOP | 4211.957800 |  |  | Nacional | 2022 - Enero
12 | Bienes y servicios varios | Nivel general y divisiones COICOP | 3678.049600 |  |  | Nacional | 2022 - Enero
01 | Alimentos y bebidas no alcohólicas | Nivel general y divisiones COICOP | 4812.967700 |  |  | Nacional | 2022 - Febrero
02 | Bebidas alcohólicas y tabaco | Nivel general y divisiones COICOP | 3635.705800 |  |  | Nacional | 2022 - Febrero
03 | Prendas de vestir y calzado | Nivel general y divisiones COICOP | 4472.870700 |  |  | Nacional | 2022 - Febrero
05 | Equipamiento y mantenimiento del hogar | Nivel general y divisiones COICOP | 4395.297900 |  |  | Nacional | 2022 - Febrero
12 | Bienes y servicios varios | Nivel general y divisiones COICOP | 3837.298100 |  |  | Nacional | 2022 - Febrero
01 | Alimentos y bebidas no alcohólicas | Nivel general y divisiones COICOP | 5196.495200 |  |  | Nacional | 2022 - Marzo
02 | Bebidas alcohólicas y tabaco | Nivel general y divisiones COICOP | 3838.638200 |  |  | Nacional | 2022 - Marzo
03 | Prendas de vestir y calzado | Nivel general y divisiones COICOP | 4884.041600 |  |  | Nacional | 2022 - Marzo
05 | Equipamiento y mantenimiento del hogar | Nivel general y divisiones COICOP | 4586.365600 |  |  | Nacional | 2022 - Marzo
12 | Bienes y servicios varios | Nivel general y divisiones COICOP | 4050.992600 |  |  | Nacional | 2022 - Marzo
01 | Alimentos y bebidas no alcohólicas | Nivel general y divisiones COICOP | 5511.024700 |  |  | Nacional | 2022 - Abril
02 | Bebidas alcohólicas y tabaco | Nivel general y divisiones COICOP | 3959.359500 |  |  | Nacional | 2022 - Abril
03 | Prendas de vestir y calzado | Nivel general y divisiones COICOP | 5358.036000 |  |  | Nacional | 2022 - Abril
05 | Equipamiento y mantenimiento del hogar | Nivel general y divisiones COICOP | 4834.995100 |  |  | Nacional | 2022 - Abril
12 | Bienes y servicios varios | Nivel general y divisiones COICOP | 4271.121700 |  |  | Nacional | 2022 - Abril
02 | Bebidas alcohólicas y tabaco | Nivel general y divisiones COICOP | 4201.223900 |  |  | Nacional | 2022 - Mayo
03 | Prendas de vestir y calzado | Nivel general y divisiones COICOP | 5679.051500 |  |  | Nacional | 2022 - Mayo
05 | Equipamiento y mantenimiento del hogar | Nivel general y divisiones COICOP | 5085.808600 |  |  | Nacional | 2022 - Mayo
12 | Bienes y servicios varios | Nivel general y divisiones COICOP | 4475.570600 |  |  | Nacional | 2022 - Mayo
01 | Alimentos y bebidas no alcohólicas | Nivel general y divisiones COICOP | 6019.219800 |  |  | Nacional | 2022 - Junio
02 | Bebidas alcohólicas y tabaco | Nivel general y divisiones COICOP | 4470.103200 |  |  | Nacional | 2022 - Junio
03 | Prendas de vestir y calzado | Nivel general y divisiones COICOP | 6006.780000 |  |  | Nacional | 2022 - Junio
05 | Equipamiento y mantenimiento del hogar | Nivel general y divisiones COICOP | 5380.688200 |  |  | Nacional | 2022 - Junio
12 | Bienes y servicios varios | Nivel general y divisiones COICOP | 4702.127700 |  |  | Nacional | 2022 - Junio
01 | Alimentos y bebidas no alcohólicas | Nivel general y divisiones COICOP | 6390.831400 |  |  | Nacional | 2022 - Julio
02 | Bebidas alcohólicas y tabaco | Nivel general y divisiones COICOP | 4745.781700 |  |  | Nacional | 2022 - Julio
03 | Prendas de vestir y calzado | Nivel general y divisiones COICOP | 6565.790200 |  |  | Nacional | 2022 - Julio
05 | Equipamiento y mantenimiento del hogar | Nivel general y divisiones COICOP | 5935.927100 |  |  | Nacional | 2022 - Julio
12 | Bienes y servicios varios | Nivel general y divisiones COICOP | 5080.932500 |  |  | Nacional | 2022 - Julio
01 | Alimentos y bebidas no alcohólicas | Nivel general y divisiones COICOP | 6848.493300 |  |  | Nacional | 2022 - Agosto
02 | Bebidas alcohólicas y tabaco | Nivel general y divisiones COICOP | 5070.729900 |  |  | Nacional | 2022 - Agosto
03 | Prendas de vestir y calzado | Nivel general y divisiones COICOP | 7206.402200 |  |  | Nacional | 2022 - Agosto
05 | Equipamiento y mantenimiento del hogar | Nivel general y divisiones COICOP | 6425.049200 |  |  | Nacional | 2022 - Agosto
12 | Bienes y servicios varios | Nivel general y divisiones COICOP | 5517.651100 |  |  | Nacional | 2022 - Agosto
01 | Alimentos y bebidas no alcohólicas | Nivel general y divisiones COICOP | 7295.361500 |  |  | Nacional | 2022 - Mayo
02 | Bebidas alcohólicas y tabaco | Nivel general y divisiones COICOP | 5553.668500 |  |  | Nacional | 2022 - Mayo
03 | Prendas de vestir y calzado | Nivel general y divisiones COICOP | 7951.401300 |  |  | Nacional | 2022 - Mayo
05 | Equipamiento y mantenimiento del hogar | Nivel general y divisiones COICOP | 6814.861300 |  |  | Nacional | 2022 - Mayo
12 | Bienes y servicios varios | Nivel general y divisiones COICOP | 5886.618500 |  |  | Nacional | 2022 - Mayo
01 | Alimentos y bebidas no alcohólicas | Nivel general y divisiones COICOP | 7741.922800 |  |  | Nacional | 2022 - Octubre
02 | Bebidas alcohólicas y tabaco | Nivel general y divisiones COICOP | 5846.847300 |  |  | Nacional | 2022 - Octubre
03 | Prendas de vestir y calzado | Nivel general y divisiones COICOP | 8500.118300 |  |  | Nacional | 2022 - Octubre
05 | Equipamiento y mantenimiento del hogar | Nivel general y divisiones COICOP | 7173.959400 |  |  | Nacional | 2022 - Octubre
12 | Bienes y servicios varios | Nivel general y divisiones COICOP | 6282.486500 |  |  | Nacional | 2022 - Octubre
01 | Alimentos y bebidas no alcohólicas | Nivel general y divisiones COICOP | 8024.941400 |  |  | Nacional | 2022 - Noviembre
02 | Bebidas alcohólicas y tabaco | Nivel general y divisiones COICOP | 6224.129100 |  |  | Nacional | 2022 - Noviembre
03 | Prendas de vestir y calzado | Nivel general y divisiones COICOP | 8886.413800 |  |  | Nacional | 2022 - Noviembre
05 | Equipamiento y mantenimiento del hogar | Nivel general y divisiones COICOP | 7549.617600 |  |  | Nacional | 2022 - Noviembre
12 | Bienes y servicios varios | Nivel general y divisiones COICOP | 6650.941300 |  |  | Nacional | 2022 - Noviembre
01 | Alimentos y bebidas no alcohólicas | Nivel general y divisiones COICOP | 8340.908200 |  |  | Nacional | 2022 - Diciembre
02 | Bebidas alcohólicas y tabaco | Nivel general y divisiones COICOP | 6677.695900 |  |  | Nacional | 2022 - Diciembre
03 | Prendas de vestir y calzado | Nivel general y divisiones COICOP | 9255.804500 |  |  | Nacional | 2022 - Diciembre
05 | Equipamiento y mantenimiento del hogar | Nivel general y divisiones COICOP | 7988.930900 |  |  | Nacional | 2022 - Diciembre
12 | Bienes y servicios varios | Nivel general y divisiones COICOP | 7022.731000 |  |  | Nacional | 2022 - Diciembre
01 | Alimentos y bebidas no alcohólicas | Nivel general y divisiones COICOP | 8904.714300 |  |  | Nacional | 2023 - Enero
02 | Bebidas alcohólicas y tabaco | Nivel general y divisiones COICOP | 7160.289100 |  |  | Nacional | 2023 - Enero
03 | Prendas de vestir y calzado | Nivel general y divisiones COICOP | 8107.691300 |  |  | Nacional | 2023 - Enero
05 | Equipamiento y mantenimiento del hogar | Nivel general y divisiones COICOP | 8448.505000 |  |  | Nacional | 2023 - Enero
12 | Bienes y servicios varios | Nivel general y divisiones COICOP | 7500.891900 |  |  | Nacional | 2023 - Enero
01 | Alimentos y bebidas no alcohólicas | Nivel general y divisiones COICOP | 9774.239600 |  |  | Nacional | 2023 - Febrero
02 | Bebidas alcohólicas y tabaco | Nivel general y divisiones COICOP | 7538.412000 |  |  | Nacional | 2023 - Febrero
03 | Prendas de vestir y calzado | Nivel general y divisiones COICOP | 9882.095500 |  |  | Nacional | 2023 - Febrero
05 | Equipamiento y mantenimiento del hogar | Nivel general y divisiones COICOP | 8905.143200 |  |  | Nacional | 2023 - Febrero
12 | Bienes y servicios varios | Nivel general y divisiones COICOP | 7957.780600 |  |  | Nacional | 2023 - Febrero
01 | Alimentos y bebidas no alcohólicas | Nivel general y divisiones COICOP | 10633.452400 |  |  | Nacional | 2023 - Marzo
02 | Bebidas alcohólicas y tabaco | Nivel general y divisiones COICOP | 8177.651900 |  |  | Nacional | 2023 - Marzo
03 | Prendas de vestir y calzado | Nivel general y divisiones COICOP | 10686.587900 |  |  | Nacional | 2023 - Marzo
05 | Equipamiento y mantenimiento del hogar | Nivel general y divisiones COICOP | 9410.672800 |  |  | Nacional | 2023 - Marzo
12 | Bienes y servicios varios | Nivel general y divisiones COICOP | 8439.814500 |  |  | Nacional | 2023 - Marzo
01 | Alimentos y bebidas no alcohólicas | Nivel general y divisiones COICOP | 11662.236700 |  |  | Nacional | 2023 - Abril
02 | Bebidas alcohólicas y tabaco | Nivel general y divisiones COICOP | 8490.385300 |  |  | Nacional | 2023 - Abril
03 | Prendas de vestir y calzado | Nivel general y divisiones COICOP | 11776.823800 |  |  | Nacional | 2023 - Abril
05 | Equipamiento y mantenimiento del hogar | Nivel general y divisiones COICOP | 10215.603100 |  |  | Nacional | 2023 - Abril
12 | Bienes y servicios varios | Nivel general y divisiones COICOP | 8971.184500 |  |  | Nacional | 2023 - Abril
01 | Alimentos y bebidas no alcohólicas | Nivel general y divisiones COICOP | 12394.556300 |  |  | Nacional | 2023 - Mayo
02 | Bebidas alcohólicas y tabaco | Nivel general y divisiones COICOP | 9216.969300 |  |  | Nacional | 2023 - Mayo
03 | Prendas de vestir y calzado | Nivel general y divisiones COICOP | 12642.968300 |  |  | Nacional | 2023 - Mayo
05 | Equipamiento y mantenimiento del hogar | Nivel general y divisiones COICOP | 11112.055700 |  |  | Nacional | 2023 - Mayo
12 | Bienes y servicios varios | Nivel general y divisiones COICOP | 9623.576900 |  |  | Nacional | 2023 - Mayo
01 | Alimentos y bebidas no alcohólicas | Nivel general y divisiones COICOP | 12977.275200 |  |  | Nacional | 2023 - Junio
02 | Bebidas alcohólicas y tabaco | Nivel general y divisiones COICOP | 9634.589300 |  |  | Nacional | 2023 - Junio
03 | Prendas de vestir y calzado | Nivel general y divisiones COICOP | 13211.798800 |  |  | Nacional | 2023 - Junio
05 | Equipamiento y mantenimiento del hogar | Nivel general y divisiones COICOP | 11966.878400 |  |  | Nacional | 2023 - Junio
12 | Bienes y servicios varios | Nivel general y divisiones COICOP | 10268.519700 |  |  | Nacional | 2023 - Junio
01 | Alimentos y bebidas no alcohólicas | Nivel general y divisiones COICOP | 13727.378000 |  |  | Nacional | 2023 - Julio
02 | Bebidas alcohólicas y tabaco | Nivel general y divisiones COICOP | 10514.010200 |  |  | Nacional | 2023 - Julio
03 | Prendas de vestir y calzado | Nivel general y divisiones COICOP | 13690.452500 |  |  | Nacional | 2023 - Julio
05 | Equipamiento y mantenimiento del hogar | Nivel general y divisiones COICOP | 12761.766700 |  |  | Nacional | 2023 - Julio
12 | Bienes y servicios varios | Nivel general y divisiones COICOP | 10933.066700 |  |  | Nacional | 2023 - Julio
01 | Alimentos y bebidas no alcohólicas | Nivel general y divisiones COICOP | 15916.782600 |  |  | Nacional | 2023 - Agosto
02 | Bebidas alcohólicas y tabaco | Nivel general y divisiones COICOP | 11477.309500 |  |  | Nacional | 2023 - Agosto
03 | Prendas de vestir y calzado | Nivel general y divisiones COICOP | 15000.824600 |  |  | Nacional | 2023 - Agosto
05 | Equipamiento y mantenimiento del hogar | Nivel general y divisiones COICOP | 14572.573500 |  |  | Nacional | 2023 - Agosto
12 | Bienes y servicios varios | Nivel general y divisiones COICOP | 12003.899400 |  |  | Nacional | 2023 - Agosto
01 | Alimentos y bebidas no alcohólicas | Nivel general y divisiones COICOP | 18303.366000 |  |  | Nacional | 2023 - Mayo
02 | Bebidas alcohólicas y tabaco | Nivel general y divisiones COICOP | 12827.879100 |  |  | Nacional | 2023 - Mayo
03 | Prendas de vestir y calzado | Nivel general y divisiones COICOP | 17257.061200 |  |  | Nacional | 2023 - Mayo
05 | Equipamiento y mantenimiento del hogar | Nivel general y divisiones COICOP | 16501.429100 |  |  | Nacional | 2023 - Mayo
12 | Bienes y servicios varios | Nivel general y divisiones COICOP | 13378.960300 |  |  | Nacional | 2023 - Mayo
01 | Alimentos y bebidas no alcohólicas | Nivel general y divisiones COICOP | 19618.481600 |  |  | Nacional | 2023 - Octubre
02 | Bebidas alcohólicas y tabaco | Nivel general y divisiones COICOP | 14045.796300 |  |  | Nacional | 2023 - Octubre
03 | Prendas de vestir y calzado | Nivel general y divisiones COICOP | 19074.040700 |  |  | Nacional | 2023 - Octubre
05 | Equipamiento y mantenimiento del hogar | Nivel general y divisiones COICOP | 18218.275100 |  |  | Nacional | 2023 - Octubre
12 | Bienes y servicios varios | Nivel general y divisiones COICOP | 14443.065700 |  |  | Nacional | 2023 - Octubre
01 | Alimentos y bebidas no alcohólicas | Nivel general y divisiones COICOP | 22533.463800 |  |  | Nacional | 2023 - Noviembre
02 | Bebidas alcohólicas y tabaco | Nivel general y divisiones COICOP | 15675.446700 |  |  | Nacional | 2023 - Noviembre
03 | Prendas de vestir y calzado | Nivel general y divisiones COICOP | 21060.939000 |  |  | Nacional | 2023 - Noviembre
05 | Equipamiento y mantenimiento del hogar | Nivel general y divisiones COICOP | 20545.878000 |  |  | Nacional | 2023 - Noviembre
12 | Bienes y servicios varios | Nivel general y divisiones COICOP | 16134.133400 |  |  | Nacional | 2023 - Noviembre
01 | Alimentos y bebidas no alcohólicas | Nivel general y divisiones COICOP | 29209.678900 |  |  | Nacional | 2023 - Diciembre
02 | Bebidas alcohólicas y tabaco | Nivel general y divisiones COICOP | 18803.655800 |  |  | Nacional | 2023 - Diciembre
03 | Prendas de vestir y calzado | Nivel general y divisiones COICOP | 24605.792200 |  |  | Nacional | 2023 - Diciembre
05 | Equipamiento y mantenimiento del hogar | Nivel general y divisiones COICOP | 26697.573500 |  |  | Nacional | 2023 - Diciembre
12 | Bienes y servicios varios | Nivel general y divisiones COICOP | 21453.838800 |  |  | Nacional | 2023 - Diciembre
01 | Alimentos y bebidas no alcohólicas | Nivel general y divisiones COICOP | 35341.606400 |  |  | Nacional | 2024 - Enero
02 | Bebidas alcohólicas y tabaco | Nivel general y divisiones COICOP | 22738.115200 |  |  | Nacional | 2024 - Enero
03 | Prendas de vestir y calzado | Nivel general y divisiones COICOP | 27668.778900 |  |  | Nacional | 2024 - Enero
05 | Equipamiento y mantenimiento del hogar | Nivel general y divisiones COICOP | 32971.310900 |  |  | Nacional | 2024 - Enero
12 | Bienes y servicios varios | Nivel general y divisiones COICOP | 31364.009000 |  |  | Nacional | 2024 - Enero
01 | Alimentos y bebidas no alcohólicas | Nivel general y divisiones COICOP | 39192.146300 |  |  | Nacional | 2024 - Febrero
02 | Bebidas alcohólicas y tabaco | Nivel general y divisiones COICOP | 26647.754000 |  |  | Nacional | 2024 - Febrero
03 | Prendas de vestir y calzado | Nivel general y divisiones COICOP | 29871.842600 |  |  | Nacional | 2024 - Febrero
05 | Equipamiento y mantenimiento del hogar | Nivel general y divisiones COICOP | 36344.806000 |  |  | Nacional | 2024 - Febrero
12 | Bienes y servicios varios | Nivel general y divisiones COICOP | 36967.597400 |  |  | Nacional | 2024 - Febrero
01 | Alimentos y bebidas no alcohólicas | Nivel general y divisiones COICOP | 43063.966900 |  |  | Nacional | 2024 - Marzo
02 | Bebidas alcohólicas y tabaco | Nivel general y divisiones COICOP | 29883.714700 |  |  | Nacional | 2024 - Marzo
03 | Prendas de vestir y calzado | Nivel general y divisiones COICOP | 32694.948800 |  |  | Nacional | 2024 - Marzo
05 | Equipamiento y mantenimiento del hogar | Nivel general y divisiones COICOP | 38038.989000 |  |  | Nacional | 2024 - Marzo
12 | Bienes y servicios varios | Nivel general y divisiones COICOP | 40360.391000 |  |  | Nacional | 2024 - Marzo
01 | Alimentos y bebidas no alcohólicas | Nivel general y divisiones COICOP | 45626.137000 |  |  | Nacional | 2024 - Abril
02 | Bebidas alcohólicas y tabaco | Nivel general y divisiones COICOP | 31580.412000 |  |  | Nacional | 2024 - Abril
03 | Prendas de vestir y calzado | Nivel general y divisiones COICOP | 35697.945000 |  |  | Nacional | 2024 - Abril
05 | Equipamiento y mantenimiento del hogar | Nivel general y divisiones COICOP | 40516.380000 |  |  | Nacional | 2024 - Abril
12 | Bienes y servicios varios | Nivel general y divisiones COICOP | 42761.390000 |  |  | Nacional | 2024 - Abril
01 | Alimentos y bebidas no alcohólicas | Nivel general y divisiones COICOP | 47636.592000 |  |  | Nacional | 2024 - Mayo
02 | Bebidas alcohólicas y tabaco | Nivel general y divisiones COICOP | 33562.258000 |  |  | Nacional | 2024 - Mayo
03 | Prendas de vestir y calzado | Nivel general y divisiones COICOP | 37093.319000 |  |  | Nacional | 2024 - Mayo
05 | Equipamiento y mantenimiento del hogar | Nivel general y divisiones COICOP | 41816.457000 |  |  | Nacional | 2024 - Mayo
12 | Bienes y servicios varios | Nivel general y divisiones COICOP | 44438.043000 |  |  | Nacional | 2024 - Mayo
01 | Alimentos y bebidas no alcohólicas | Nivel general y divisiones COICOP | 49260.632000 |  |  | Nacional | 2024 - Junio
02 | Bebidas alcohólicas y tabaco | Nivel general y divisiones COICOP | 34245.554000 |  |  | Nacional | 2024 - Junio
03 | Prendas de vestir y calzado | Nivel general y divisiones COICOP | 38262.951000 |  |  | Nacional | 2024 - Junio
05 | Equipamiento y mantenimiento del hogar | Nivel general y divisiones COICOP | 42798.953000 |  |  | Nacional | 2024 - Junio
12 | Bienes y servicios varios | Nivel general y divisiones COICOP | 45493.109000 |  |  | Nacional | 2024 - Junio
01 | Alimentos y bebidas no alcohólicas | Nivel general y divisiones COICOP | 50706.450000 |  |  | Nacional | 2024 - Julio
02 | Bebidas alcohólicas y tabaco | Nivel general y divisiones COICOP | 36275.374000 |  |  | Nacional | 2024 - Julio
03 | Prendas de vestir y calzado | Nivel general y divisiones COICOP | 39172.865000 |  |  | Nacional | 2024 - Julio
05 | Equipamiento y mantenimiento del hogar | Nivel general y divisiones COICOP | 44288.439000 |  |  | Nacional | 2024 - Julio
12 | Bienes y servicios varios | Nivel general y divisiones COICOP | 47169.804000 |  |  | Nacional | 2024 - Julio
01 | Alimentos y bebidas no alcohólicas | Nivel general y divisiones COICOP | 52904.382000 |  |  | Nacional | 2024 - Agosto
02 | Bebidas alcohólicas y tabaco | Nivel general y divisiones COICOP | 37358.489000 |  |  | Nacional | 2024 - Agosto
03 | Prendas de vestir y calzado | Nivel general y divisiones COICOP | 40112.283000 |  |  | Nacional | 2024 - Agosto
05 | Equipamiento y mantenimiento del hogar | Nivel general y divisiones COICOP | 46168.818000 |  |  | Nacional | 2024 - Agosto
12 | Bienes y servicios varios | Nivel general y divisiones COICOP | 48126.675000 |  |  | Nacional | 2024 - Agosto
01 | Alimentos y bebidas no alcohólicas | Nivel general y divisiones COICOP | 54132.276000 |  |  | Nacional | 2024 - Mayo
02 | Bebidas alcohólicas y tabaco | Nivel general y divisiones COICOP | 38070.172000 |  |  | Nacional | 2024 - Mayo
03 | Prendas de vestir y calzado | Nivel general y divisiones COICOP | 42286.798000 |  |  | Nacional | 2024 - Mayo
05 | Equipamiento y mantenimiento del hogar | Nivel general y divisiones COICOP | 47425.861000 |  |  | Nacional | 2024 - Mayo
12 | Bienes y servicios varios | Nivel general y divisiones COICOP | 49717.208000 |  |  | Nacional | 2024 - Mayo
01 | Alimentos y bebidas no alcohólicas | Nivel general y divisiones COICOP | 54678.693000 |  |  | Nacional | 2024 - Octubre
02 | Bebidas alcohólicas y tabaco | Nivel general y divisiones COICOP | 39075.059000 |  |  | Nacional | 2024 - Octubre
03 | Prendas de vestir y calzado | Nivel general y divisiones COICOP | 44198.999000 |  |  | Nacional | 2024 - Octubre
05 | Equipamiento y mantenimiento del hogar | Nivel general y divisiones COICOP | 48619.604000 |  |  | Nacional | 2024 - Octubre
12 | Bienes y servicios varios | Nivel general y divisiones COICOP | 51020.056000 |  |  | Nacional | 2024 - Octubre
01 | Alimentos y bebidas no alcohólicas | Nivel general y divisiones COICOP | 55167.899000 |  |  | Nacional | 2024 - Noviembre
02 | Bebidas alcohólicas y tabaco | Nivel general y divisiones COICOP | 40701.630000 |  |  | Nacional | 2024 - Noviembre
03 | Prendas de vestir y calzado | Nivel general y divisiones COICOP | 45062.306000 |  |  | Nacional | 2024 - Noviembre
05 | Equipamiento y mantenimiento del hogar | Nivel general y divisiones COICOP | 49327.115000 |  |  | Nacional | 2024 - Noviembre
12 | Bienes y servicios varios | Nivel general y divisiones COICOP | 52070.214000 |  |  | Nacional | 2024 - Noviembre
01 | Alimentos y bebidas no alcohólicas | Nivel general y divisiones COICOP | 56398.525100 |  |  | Nacional | 2024 - Diciembre
02 | Bebidas alcohólicas y tabaco | Nivel general y divisiones COICOP | 41668.067100 |  |  | Nacional | 2024 - Diciembre
03 | Prendas de vestir y calzado | Nivel general y divisiones COICOP | 45898.896700 |  |  | Nacional | 2024 - Diciembre
05 | Equipamiento y mantenimiento del hogar | Nivel general y divisiones COICOP | 49886.726400 |  |  | Nacional | 2024 - Diciembre
12 | Bienes y servicios varios | Nivel general y divisiones COICOP | 53166.387600 |  |  | Nacional | 2024 - Diciembre
01 | Alimentos y bebidas no alcohólicas | Nivel general y divisiones COICOP | 57426.453000 |  |  | Nacional | 2025 - Enero
02 | Bebidas alcohólicas y tabaco | Nivel general y divisiones COICOP | 42654.432100 |  |  | Nacional | 2025 - Enero
03 | Prendas de vestir y calzado | Nivel general y divisiones COICOP | 45979.147200 |  |  | Nacional | 2025 - Enero
05 | Equipamiento y mantenimiento del hogar | Nivel general y divisiones COICOP | 50749.692800 |  |  | Nacional | 2025 - Enero
12 | Bienes y servicios varios | Nivel general y divisiones COICOP | 54295.785100 |  |  | Nacional | 2025 - Enero
01 | Alimentos y bebidas no alcohólicas | Nivel general y divisiones COICOP | 59413.094100 |  |  | Nacional | 2025 - Febrero
02 | Bebidas alcohólicas y tabaco | Nivel general y divisiones COICOP | 43240.562400 |  |  | Nacional | 2025 - Febrero
03 | Prendas de vestir y calzado | Nivel general y divisiones COICOP | 46071.057000 |  |  | Nacional | 2025 - Febrero
05 | Equipamiento y mantenimiento del hogar | Nivel general y divisiones COICOP | 51312.759100 |  |  | Nacional | 2025 - Febrero
12 | Bienes y servicios varios | Nivel general y divisiones COICOP | 55858.528600 |  |  | Nacional | 2025 - Febrero
01 | Alimentos y bebidas no alcohólicas | Nivel general y divisiones COICOP | 62678.904700 |  |  | Nacional | 2025 - Marzo
02 | Bebidas alcohólicas y tabaco | Nivel general y divisiones COICOP | 43509.134500 |  |  | Nacional | 2025 - Marzo
03 | Prendas de vestir y calzado | Nivel general y divisiones COICOP | 47864.117800 |  |  | Nacional | 2025 - Marzo
05 | Equipamiento y mantenimiento del hogar | Nivel general y divisiones COICOP | 52035.235800 |  |  | Nacional | 2025 - Marzo
12 | Bienes y servicios varios | Nivel general y divisiones COICOP | 57393.706000 |  |  | Nacional | 2025 - Marzo
01 | Alimentos y bebidas no alcohólicas | Nivel general y divisiones COICOP | 64627.023600 |  |  | Nacional | 2025 - Abril
02 | Bebidas alcohólicas y tabaco | Nivel general y divisiones COICOP | 44698.194400 |  |  | Nacional | 2025 - Abril
03 | Prendas de vestir y calzado | Nivel general y divisiones COICOP | 49578.796000 |  |  | Nacional | 2025 - Abril
05 | Equipamiento y mantenimiento del hogar | Nivel general y divisiones COICOP | 52487.214900 |  |  | Nacional | 2025 - Abril
12 | Bienes y servicios varios | Nivel general y divisiones COICOP | 58922.541000 |  |  | Nacional | 2025 - Abril
01 | Alimentos y bebidas no alcohólicas | Nivel general y divisiones COICOP | 65023.153800 |  |  | Nacional | 2025 - Mayo
02 | Bebidas alcohólicas y tabaco | Nivel general y divisiones COICOP | 44996.415100 |  |  | Nacional | 2025 - Mayo
03 | Prendas de vestir y calzado | Nivel general y divisiones COICOP | 50257.097900 |  |  | Nacional | 2025 - Mayo
05 | Equipamiento y mantenimiento del hogar | Nivel general y divisiones COICOP | 53130.047000 |  |  | Nacional | 2025 - Mayo
12 | Bienes y servicios varios | Nivel general y divisiones COICOP | 60382.900000 |  |  | Nacional | 2025 - Mayo
01 | Alimentos y bebidas no alcohólicas | Nivel general y divisiones COICOP | 65293.302600 |  |  | Nacional | 2025 - Junio
02 | Bebidas alcohólicas y tabaco | Nivel general y divisiones COICOP | 46192.365300 |  |  | Nacional | 2025 - Junio
03 | Prendas de vestir y calzado | Nivel general y divisiones COICOP | 50631.731300 |  |  | Nacional | 2025 - Junio
05 | Equipamiento y mantenimiento del hogar | Nivel general y divisiones COICOP | 54162.153900 |  |  | Nacional | 2025 - Junio
12 | Bienes y servicios varios | Nivel general y divisiones COICOP | 60867.291700 |  |  | Nacional | 2025 - Junio
01 | Alimentos y bebidas no alcohólicas | Nivel general y divisiones COICOP | 66423.155400 |  |  | Nacional | 2025 - Julio
02 | Bebidas alcohólicas y tabaco | Nivel general y divisiones COICOP | 46488.240500 |  |  | Nacional | 2025 - Julio
03 | Prendas de vestir y calzado | Nivel general y divisiones COICOP | 50455.297400 |  |  | Nacional | 2025 - Julio
05 | Equipamiento y mantenimiento del hogar | Nivel general y divisiones COICOP | 54928.102700 |  |  | Nacional | 2025 - Julio
