04 | Vivienda, agua, electricidad, gas y otros combustibles | Nivel general y divisiones COICOP | 700.000000 |  |  | Nacional | 2016 - Diciembre
06 | Salud | Nivel general y divisiones COICOP | 600.000000 |  |  | Nacional | 2016 - Diciembre
07 | Transporte | Nivel general y divisiones COICOP | 700.000000 |  |  | Nacional | 2016 - Diciembre
08 | Comunicación | Nivel general y divisiones COICOP | 600.000000 |  |  | Nacional | 2016 - Diciembre
09 | Recreación y cultura | Nivel general y divisiones COICOP | 700.000000 |  |  | Nacional | 2016 - Diciembre
10 | Educación | Nivel general y divisiones COICOP | 700.000000 |  |  | Nacional | 2016 - Diciembre
11 | Restaurantes y hoteles | Nivel general y divisiones COICOP | 500.000000 |  |  | Nacional | 2016 - Diciembre
04 | Vivienda, agua, electricidad, gas y otros combustibles | Nivel general y divisiones COICOP | 719.920700 |  |  | Nacional | 2017 - Enero
06 | Salud | Nivel general y divisiones COICOP | 720.034400 |  |  | Nacional | 2017 - Enero
07 | Transporte | Nivel general y divisiones COICOP | 714.645900 |  |  | Nacional | 2017 - Enero
09 | Recreación y cultura | Nivel general y divisiones COICOP | 719.514400 |  |  | Nacional | 2017 - Enero
10 | Educación | Nivel general y divisiones COICOP | 610.327500 |  |  | Nacional | 2017 - Enero
11 | Restaurantes y hoteles | Nivel general y divisiones COICOP | 720.410900 |  |  | Nacional | 2017 - Enero
04 | Vivienda, agua, electricidad, gas y otros combustibles | Nivel general y divisiones COICOP | 750.419600 |  |  | Nacional | 2017 - Febrero
06 | Salud | Nivel general y divisiones COICOP | 737.077400 |  |  | Nacional | 2017 - Febrero
07 | Transporte | Nivel general y divisiones COICOP | 728.277300 |  |  | Nacional | 2017 - Febrero
08 | Comunicación | Nivel general y divisiones COICOP | 747.075900 |  |  | Nacional | 2017 - Febrero
09 | Recreación y cultura | Nivel general y divisiones COICOP | 726.393200 |  |  | Nacional | 2017 - Febrero
10 | Educación | Nivel general y divisiones COICOP | 623.127600 |  |  | Nacional | 2017 - Febrero
11 | Restaurantes y hoteles | Nivel general y divisiones COICOP | 735.677300 |  |  | Nacional | 2017 - Febrero
06 | Salud | Nivel general y divisiones COICOP | 752.241800 |  |  | Nacional | 2017 - Marzo
07 | Transporte | Nivel general y divisiones COICOP | 632.068200 |  |  | Nacional | 2017 - Marzo
08 | Comunicación | Nivel general y divisiones COICOP | 772.219200 |  |  | Nacional | 2017 - Marzo
09 | Recreación y cultura | Nivel general y divisiones COICOP | 738.481100 |  |  | Nacional | 2017 - Marzo
10 | Educación | Nivel general y divisiones COICOP | 832.793900 |  |  | Nacional | 2017 - Marzo
11 | Restaurantes y hoteles | Nivel general y divisiones COICOP | 742.770400 |  |  | Nacional | 2017 - Marzo
04 | Vivienda, agua, electricidad, gas y otros combustibles | Nivel general y divisiones COICOP | 839.399500 |  |  | Nacional | 2017 - Abril
06 | Salud | Nivel general y divisiones COICOP | 767.092600 |  |  | Nacional | 2017 - Abril
07 | Transporte | Nivel general y divisiones COICOP | 743.452200 |  |  | Nacional | 2017 - Abril
08 | Comunicación | Nivel general y divisiones COICOP | 827.964500 |  |  | Nacional | 2017 - Abril
09 | Recreación y cultura | Nivel general y divisiones COICOP | 758.620400 |  |  | Nacional | 2017 - Abril
10 | Educación | Nivel general y divisiones COICOP | 855.535600 |  |  | Nacional | 2017 - Abril
11 | Restaurantes y hoteles | Nivel general y divisiones COICOP | 756.309200 |  |  | Nacional | 2017 - Abril
04 | Vivienda, agua, electricidad, gas y otros combustibles | Nivel general y divisiones COICOP | 857.378400 |  |  | Nacional | 2017 - Mayo
06 | Salud | Nivel general y divisiones COICOP | 779.503000 |  |  | Nacional | 2017 - Mayo
07 | Transporte | Nivel general y divisiones COICOP | 750.548100 |  |  | Nacional | 2017 - Mayo
08 | Comunicación | Nivel general y divisiones COICOP | 830.164800 |  |  | Nacional | 2017 - Mayo
09 | Recreación y cultura | Nivel general y divisiones COICOP | 768.440200 |  |  | Nacional | 2017 - Mayo
10 | Educación | Nivel general y divisiones COICOP | 866.357300 |  |  | Nacional | 2017 - Mayo
11 | Restaurantes y hoteles | Nivel general y divisiones COICOP | 767.362900 |  |  | Nacional | 2017 - Mayo
06 | Salud | Nivel general y divisiones COICOP | 791.991600 |  |  | Nacional | 2017 - Junio
07 | Transporte | Nivel general y divisiones COICOP | 758.735700 |  |  | Nacional | 2017 - Junio
08 | Comunicación | Nivel general y divisiones COICOP | 836.693800 |  |  | Nacional | 2017 - Junio
09 | Recreación y cultura | Nivel general y divisiones COICOP | 669.545400 |  |  | Nacional | 2017 - Junio
10 | Educación | Nivel general y divisiones COICOP | 871.568900 |  |  | Nacional | 2017 - Junio
11 | Restaurantes y hoteles | Nivel general y divisiones COICOP | 775.080000 |  |  | Nacional | 2017 - Junio
04 | Vivienda, agua, electricidad, gas y otros combustibles | Nivel general y divisiones COICOP | 885.778100 |  |  | Nacional | 2017 - Julio
06 | Salud | Nivel general y divisiones COICOP | 815.190500 |  |  | Nacional | 2017 - Julio
07 | Transporte | Nivel general y divisiones COICOP | 777.263200 |  |  | Nacional | 2017 - Julio
08 | Comunicación | Nivel general y divisiones COICOP | 844.559500 |  |  | Nacional | 2017 - Julio
09 | Recreación y cultura | Nivel general y divisiones COICOP | 808.400800 |  |  | Nacional | 2017 - Julio
10 | Educación | Nivel general y divisiones COICOP | 879.701400 |  |  | Nacional | 2017 - Julio
11 | Restaurantes y hoteles | Nivel general y divisiones COICOP | 791.846800 |  |  | Nacional | 2017 - Julio
04 | Vivienda, agua, electricidad, gas y otros combustibles | Nivel general y divisiones COICOP | 903.801300 |  |  | Nacional | 2017 - Agosto
06 | Salud | Nivel general y divisiones COICOP | 833.884700 |  |  | Nacional | 2017 - Agosto
07 | Transporte | Nivel general y divisiones COICOP | 785.405900 |  |  | Nacional | 2017 - Agosto
08 | Comunicación | Nivel general y divisiones COICOP | 857.239000 |  |  | Nacional | 2017 - Agosto
09 | Recreación y cultura | Nivel general y divisiones COICOP | 819.506000 |  |  | Nacional | 2017 - Agosto
10 | Educación | Nivel general y divisiones COICOP | 894.012300 |  |  | Nacional | 2017 - Agosto
11 | Restaurantes y hoteles | Nivel general y divisiones COICOP | 797.971400 |  |  | Nacional | 2017 - Agosto
04 | Vivienda, agua, electricidad, gas y otros combustibles | Nivel general y divisiones COICOP | 918.486500 |  |  | Nacional | 2017 - Mayo
06 | Salud | Nivel general y divisiones COICOP | 854.666900 |  |  | Nacional | 2017 - Mayo
07 | Transporte | Nivel general y divisiones COICOP | 792.269900 |  |  | Nacional | 2017 - Mayo
08 | Comunicación | Nivel general y divisiones COICOP | 864.803700 |  |  | Nacional | 2017 - Mayo
09 | Recreación y cultura | Nivel general y divisiones COICOP | 837.433000 |  |  | Nacional | 2017 - Mayo
10 | Educación | Nivel general y divisiones COICOP | 916.865500 |  |  | Nacional | 2017 - Mayo
11 | Restaurantes y hoteles | Nivel general y divisiones COICOP | 808.597600 |  |  | Nacional | 2017 - Mayo
04 | Vivienda, agua, electricidad, gas y otros combustibles | Nivel general y divisiones COICOP | 929.243000 |  |  | Nacional | 2017 - Octubre
06 | Salud | Nivel general y divisiones COICOP | 865.452900 |  |  | Nacional | 2017 - Octubre
07 | Transporte | Nivel general y divisiones COICOP | 804.218500 |  |  | Nacional | 2017 - Octubre
08 | Comunicación | Nivel general y divisiones COICOP | 911.201100 |  |  | Nacional | 2017 - Octubre
09 | Recreación y cultura | Nivel general y divisiones COICOP | 850.014000 |  |  | Nacional | 2017 - Octubre
10 | Educación | Nivel general y divisiones COICOP | 925.093000 |  |  | Nacional | 2017 - Octubre
11 | Restaurantes y hoteles | Nivel general y divisiones COICOP | 818.006200 |  |  | Nacional | 2017 - Octubre
04 | Vivienda, agua, electricidad, gas y otros combustibles | Nivel general y divisiones COICOP | 943.027400 |  |  | Nacional | 2017 - Noviembre
06 | Salud | Nivel general y divisiones COICOP | 876.887600 |  |  | Nacional | 2017 - Noviembre
07 | Transporte | Nivel general y divisiones COICOP | 828.864100 |  |  | Nacional | 2017 - Noviembre
08 | Comunicación | Nivel general y divisiones COICOP | 919.073500 |  |  | Nacional | 2017 - Noviembre
09 | Recreación y cultura | Nivel general y divisiones COICOP | 856.894500 |  |  | Nacional | 2017 - Noviembre
10 | Educación | Nivel general y divisiones COICOP | 928.089300 |  |  | Nacional | 2017 - Noviembre
04 | Vivienda, agua, electricidad, gas y otros combustibles | Nivel general y divisiones COICOP | 1087.301300 |  |  | Nacional | 2017 - Diciembre
06 | Salud | Nivel general y divisiones COICOP | 893.619500 |  |  | Nacional | 2017 - Diciembre
07 | Transporte | Nivel general y divisiones COICOP | 857.884900 |  |  | Nacional | 2017 - Diciembre
08 | Comunicación | Nivel general y divisiones COICOP | 930.605600 |  |  | Nacional | 2017 - Diciembre
09 | Recreación y cultura | Nivel general y divisiones COICOP | 863.791700 |  |  | Nacional | 2017 - Diciembre
10 | Educación | Nivel general y divisiones COICOP | 928.124800 |  |  | Nacional | 2017 - Diciembre
11 | Restaurantes y hoteles | Nivel general y divisiones COICOP | 847.720500 |  |  | Nacional | 2017 - Diciembre
04 | Vivienda, agua, electricidad, gas y otros combustibles | Nivel general y divisiones COICOP | 1122.623900 |  |  | Nacional | 2018 - Enero
06 | Salud | Nivel general y divisiones COICOP | 776.445500 |  |  | Nacional | 2018 - Enero
07 | Transporte | Nivel general y divisiones COICOP | 879.586200 |  |  | Nacional | 2018 - Enero
08 | Comunicación | Nivel general y divisiones COICOP | 946.896700 |  |  | Nacional | 2018 - Enero
09 | Recreación y cultura | Nivel general y divisiones COICOP | 891.119000 |  |  | Nacional | 2018 - Enero
10 | Educación | Nivel general y divisiones COICOP | 935.757600 |  |  | Nacional | 2018 - Enero
11 | Restaurantes y hoteles | Nivel general y divisiones COICOP | 871.060400 |  |  | Nacional | 2018 - Enero
04 | Vivienda, agua, electricidad, gas y otros combustibles | Nivel general y divisiones COICOP | 1155.122900 |  |  | Nacional | 2018 - Febrero
06 | Salud | Nivel general y divisiones COICOP | 927.362900 |  |  | Nacional | 2018 - Febrero
07 | Transporte | Nivel general y divisiones COICOP | 917.116200 |  |  | Nacional | 2018 - Febrero
08 | Comunicación | Nivel general y divisiones COICOP | 1034.387200 |  |  | Nacional | 2018 - Febrero
09 | Recreación y cultura | Nivel general y divisiones COICOP | 901.680800 |  |  | Nacional | 2018 - Febrero
10 | Educación | Nivel general y divisiones COICOP | 950.705300 |  |  | Nacional | 2018 - Febrero
11 | Restaurantes y hoteles | Nivel general y divisiones COICOP | 893.672000 |  |  | Nacional | 2018 - Febrero
04 | Vivienda, agua, electricidad, gas y otros combustibles | Nivel general y divisiones COICOP | 1170.784600 |  |  | Nacional | 2018 - Marzo
06 | Salud | Nivel general y divisiones COICOP | 942.451300 |  |  | Nacional | 2018 - Marzo
07 | Transporte | Nivel general y divisiones COICOP | 936.922200 |  |  | Nacional | 2018 - Marzo
08 | Comunicación | Nivel general y divisiones COICOP | 1064.149200 |  |  | Nacional | 2018 - Marzo
09 | Recreación y cultura | Nivel general y divisiones COICOP | 916.427200 |  |  | Nacional | 2018 - Marzo
10 | Educación | Nivel general y divisiones COICOP | 1096.011400 |  |  | Nacional | 2018 - Marzo
11 | Restaurantes y hoteles | Nivel general y divisiones COICOP | 915.016800 |  |  | Nacional | 2018 - Marzo
04 | Vivienda, agua, electricidad, gas y otros combustibles | Nivel general y divisiones COICOP | 1275.062700 |  |  | Nacional | 2018 - Abril
06 | Salud | Nivel general y divisiones COICOP | 960.970500 |  |  | Nacional | 2018 - Abril
07 | Transporte | Nivel general y divisiones COICOP | 968.220100 |  |  | Nacional | 2018 - Abril
08 | Comunicación | Nivel general y divisiones COICOP | 1076.569300 |  |  | Nacional | 2018 - Abril
09 | Recreación y cultura | Nivel general y divisiones COICOP | 933.320300 |  |  | Nacional | 2018 - Abril
10 | Educación | Nivel general y divisiones COICOP | 1111.117800 |  |  | Nacional | 2018 - Abril
11 | Restaurantes y hoteles | Nivel general y divisiones COICOP | 933.003200 |  |  | Nacional | 2018 - Abril
04 | Vivienda, agua, electricidad, gas y otros combustibles | Nivel general y divisiones COICOP | 1274.778200 |  |  | Nacional | 2018 - Mayo
06 | Salud | Nivel general y divisiones COICOP | 983.529800 |  |  | Nacional | 2018 - Mayo
07 | Transporte | Nivel general y divisiones COICOP | 988.115100 |  |  | Nacional | 2018 - Mayo
08 | Comunicación | Nivel general y divisiones COICOP | 1114.004100 |  |  | Nacional | 2018 - Mayo
09 | Recreación y cultura | Nivel general y divisiones COICOP | 955.749300 |  |  | Nacional | 2018 - Mayo
10 | Educación | Nivel general y divisiones COICOP | 1118.772000 |  |  | Nacional | 2018 - Mayo
11 | Restaurantes y hoteles | Nivel general y divisiones COICOP | 952.720400 |  |  | Nacional | 2018 - Mayo
04 | Vivienda, agua, electricidad, gas y otros combustibles | Nivel general y divisiones COICOP | 1300.239700 |  |  | Nacional | 2018 - Junio
06 | Salud | Nivel general y divisiones COICOP | 1024.435000 |  |  | Nacional | 2018 - Junio
07 | Transporte | Nivel general y divisiones COICOP | 1041.113200 |  |  | Nacional | 2018 - Junio
08 | Comunicación | Nivel general y divisiones COICOP | 1119.968100 |  |  | Nacional | 2018 - Junio
09 | Recreación y cultura | Nivel general y divisiones COICOP | 985.602900 |  |  | Nacional | 2018 - Junio
10 | Educación | Nivel general y divisiones COICOP | 1127.983100 |  |  | Nacional | 2018 - Junio
11 | Restaurantes y hoteles | Nivel general y divisiones COICOP | 977.684400 |  |  | Nacional | 2018 - Junio
04 | Vivienda, agua, electricidad, gas y otros combustibles | Nivel general y divisiones COICOP | 1317.078000 |  |  | Nacional | 2018 - Julio
06 | Salud | Nivel general y divisiones COICOP | 1053.546900 |  |  | Nacional | 2018 - Julio
07 | Transporte | Nivel general y divisiones COICOP | 1101.137900 |  |  | Nacional | 2018 - Julio
08 | Comunicación | Nivel general y divisiones COICOP | 1129.236100 |  |  | Nacional | 2018 - Julio
09 | Recreación y cultura | Nivel general y divisiones COICOP | 1031.990500 |  |  | Nacional | 2018 - Julio
10 | Educación | Nivel general y divisiones COICOP | 1144.809800 |  |  | Nacional | 2018 - Julio
11 | Restaurantes y hoteles | Nivel general y divisiones COICOP | 1007.018000 |  |  | Nacional | 2018 - Julio
04 | Vivienda, agua, electricidad, gas y otros combustibles | Nivel general y divisiones COICOP | 1389.916300 |  |  | Nacional | 2018 - Agosto
06 | Salud | Nivel general y divisiones COICOP | 934.129600 |  |  | Nacional | 2018 - Agosto
07 | Transporte | Nivel general y divisiones COICOP | 1148.801900 |  |  | Nacional | 2018 - Agosto
08 | Comunicación | Nivel general y divisiones COICOP | 1248.950800 |  |  | Nacional | 2018 - Agosto
09 | Recreación y cultura | Nivel general y divisiones COICOP | 1062.032500 |  |  | Nacional | 2018 - Agosto
10 | Educación | Nivel general y divisiones COICOP | 1163.313300 |  |  | Nacional | 2018 - Agosto
11 | Restaurantes y hoteles | Nivel general y divisiones COICOP | 1031.933000 |  |  | Nacional | 2018 - Agosto
04 | Vivienda, agua, electricidad, gas y otros combustibles | Nivel general y divisiones COICOP | 1436.861900 |  |  | Nacional | 2018 - Mayo
06 | Salud | Nivel general y divisiones COICOP | 1142.531700 |  |  | Nacional | 2018 - Mayo
07 | Transporte | Nivel general y divisiones COICOP | 1265.286600 |  |  | Nacional | 2018 - Mayo
08 | Comunicación | Nivel general y divisiones COICOP | 1274.577200 |  |  | Nacional | 2018 - Mayo
09 | Recreación y cultura | Nivel general y divisiones COICOP | 1132.770400 |  |  | Nacional | 2018 - Mayo
10 | Educación | Nivel general y divisiones COICOP | 1176.329100 |  |  | Nacional | 2018 - Mayo
11 | Restaurantes y hoteles | Nivel general y divisiones COICOP | 1093.303500 |  |  | Nacional | 2018 - Mayo
04 | Vivienda, agua, electricidad, gas y otros combustibles | Nivel general y divisiones COICOP | 1558.900200 |  |  | Nacional | 2018 - Octubre
06 | Salud | Nivel general y divisiones COICOP | 1200.710300 |  |  | Nacional | 2018 - Octubre
07 | Transporte | Nivel general y divisiones COICOP | 1363.058800 |  |  | Nacional | 2018 - Octubre
08 | Comunicación | Nivel general y divisiones COICOP | 1285.853500 |  |  | Nacional | 2018 - Octubre
09 | Recreación y cultura | Nivel general y divisiones COICOP | 1171.880100 |  |  | Nacional | 2018 - Octubre
10 | Educación | Nivel general y divisiones COICOP | 1197.031900 |  |  | Nacional | 2018 - Octubre
11 | Restaurantes y hoteles | Nivel general y divisiones COICOP | 1125.988600 |  |  | Nacional | 2018 - Octubre
04 | Vivienda, agua, electricidad, gas y otros combustibles | Nivel general y divisiones COICOP | 1599.863300 |  |  | Nacional | 2018 - Noviembre
06 | Salud | Nivel general y divisiones COICOP | 1286.175200 |  |  | Nacional | 2018 - Noviembre
07 | Transporte | Nivel general y divisiones COICOP | 1398.376200 |  |  | Nacional | 2018 - Noviembre
09 | Recreación y cultura | Nivel general y divisiones COICOP | 1204.927400 |  |  | Nacional | 2018 - Noviembre
10 | Educación | Nivel general y divisiones COICOP | 1211.205100 |  |  | Nacional | 2018 - Noviembre
11 | Restaurantes y hoteles | Nivel general y divisiones COICOP | 1152.334400 |  |  | Nacional | 2018 - Noviembre
04 | Vivienda, agua, electricidad, gas y otros combustibles | Nivel general y divisiones COICOP | 1633.871900 |  |  | Nacional | 2018 - Diciembre
06 | Salud | Nivel general y divisiones COICOP | 1348.177700 |  |  | Nacional | 2018 - Diciembre
07 | Transporte | Nivel general y divisiones COICOP | 1436.405900 |  |  | Nacional | 2018 - Diciembre
08 | Comunicación | Nivel general y divisiones COICOP | 1424.196800 |  |  | Nacional | 2018 - Diciembre
09 | Recreación y cultura | Nivel general y divisiones COICOP | 1237.941000 |  |  | Nacional | 2018 - Diciembre
10 | Educación | Nivel general y divisiones COICOP | 1219.488100 |  |  | Nacional | 2018 - Diciembre
11 | Restaurantes y hoteles | Nivel general y divisiones COICOP | 1184.080600 |  |  | Nacional | 2018 - Diciembre
04 | Vivienda, agua, electricidad, gas y otros combustibles | Nivel general y divisiones COICOP | 1701.878300 |  |  | Nacional | 2015 - Enero
06 | Salud | Nivel general y divisiones COICOP | 1395.229800 |  |  | Nacional | 2015 - Enero
07 | Transporte | Nivel general y divisiones COICOP | 1462.675100 |  |  | Nacional | 2015 - Enero
08 | Comunicación | Nivel general y divisiones COICOP | 1527.286900 |  |  | Nacional | 2015 - Enero
09 | Recreación y cultura | Nivel general y divisiones COICOP | 1283.221900 |  |  | Nacional | 2015 - Enero
10 | Educación | Nivel general y divisiones COICOP | 1235.933700 |  |  | Nacional | 2015 - Enero
11 | Restaurantes y hoteles | Nivel general y divisiones COICOP | 1234.349300 |  |  | Nacional | 2015 - Enero
04 | Vivienda, agua, electricidad, gas y otros combustibles | Nivel general y divisiones COICOP | 1817.883100 |  |  | Nacional | 2015 - Febrero
06 | Salud | Nivel general y divisiones COICOP | 1434.400300 |  |  | Nacional | 2015 - Febrero
07 | Transporte | Nivel general y divisiones COICOP | 1276.882100 |  |  | Nacional | 2015 - Febrero
08 | Comunicación | Nivel general y divisiones COICOP | 1542.910500 |  |  | Nacional | 2015 - Febrero
09 | Recreación y cultura | Nivel general y divisiones COICOP | 1312.160800 |  |  | Nacional | 2015 - Febrero
10 | Educación | Nivel general y divisiones COICOP | 1250.333100 |  |  | Nacional | 2015 - Febrero
11 | Restaurantes y hoteles | Nivel general y divisiones COICOP | 1277.291300 |  |  | Nacional | 2015 - Febrero
04 | Vivienda, agua, electricidad, gas y otros combustibles | Nivel general y divisiones COICOP | 1861.779100 |  |  | Nacional | 2015 - Marzo
06 | Salud | Nivel general y divisiones COICOP | 1486.699100 |  |  | Nacional | 2015 - Marzo
07 | Transporte | Nivel general y divisiones COICOP | 1557.041700 |  |  | Nacional | 2015 - Marzo
08 | Comunicación | Nivel general y divisiones COICOP | 1613.758800 |  |  | Nacional | 2015 - Marzo
09 | Recreación y cultura | Nivel general y divisiones COICOP | 1338.227200 |  |  | Nacional | 2015 - Marzo
10 | Educación | Nivel general y divisiones COICOP | 1493.143400 |  |  | Nacional | 2015 - Marzo
11 | Restaurantes y hoteles | Nivel general y divisiones COICOP | 1335.818000 |  |  | Nacional | 2015 - Marzo
04 | Vivienda, agua, electricidad, gas y otros combustibles | Nivel general y divisiones COICOP | 1904.617200 |  |  | Nacional | 2015 - Abril
06 | Salud | Nivel general y divisiones COICOP | 1541.770800 |  |  | Nacional | 2015 - Abril
07 | Transporte | Nivel general y divisiones COICOP | 1624.771400 |  |  | Nacional | 2015 - Abril
08 | Comunicación | Nivel general y divisiones COICOP | 1676.480000 |  |  | Nacional | 2015 - Abril
09 | Recreación y cultura | Nivel general y divisiones COICOP | 1386.317600 |  |  | Nacional | 2015 - Abril
10 | Educación | Nivel general y divisiones COICOP | 1528.181500 |  |  | Nacional | 2015 - Abril
11 | Restaurantes y hoteles | Nivel general y divisiones COICOP | 1389.177400 |  |  | Nacional | 2015 - Abril
04 | Vivienda, agua, electricidad, gas y otros combustibles | Nivel general y divisiones COICOP | 2000.335300 |  |  | Nacional | 2015 - Mayo
06 | Salud | Nivel general y divisiones COICOP | 1614.875200 |  |  | Nacional | 2015 - Mayo
07 | Transporte | Nivel general y divisiones COICOP | 1682.929700 |  |  | Nacional | 2015 - Mayo
08 | Comunicación | Nivel general y divisiones COICOP | 1718.417900 |  |  | Nacional | 2015 - Mayo
09 | Recreación y cultura | Nivel general y divisiones COICOP | 1421.145600 |  |  | Nacional | 2015 - Mayo
10 | Educación | Nivel general y divisiones COICOP | 1554.390700 |  |  | Nacional | 2015 - Mayo
11 | Restaurantes y hoteles | Nivel general y divisiones COICOP | 1420.727900 |  |  | Nacional | 2015 - Mayo
04 | Vivienda, agua, electricidad, gas y otros combustibles | Nivel general y divisiones COICOP | 2057.482000 |  |  | Nacional | 2015 - Junio
06 | Salud | Nivel general y divisiones COICOP | 1681.817400 |  |  | Nacional | 2015 - Junio
07 | Transporte | Nivel general y divisiones COICOP | 1705.889000 |  |  | Nacional | 2015 - Junio
08 | Comunicación | Nivel general y divisiones COICOP | 1833.185800 |  |  | Nacional | 2015 - Junio
09 | Recreación y cultura | Nivel general y divisiones COICOP | 1474.079900 |  |  | Nacional | 2015 - Junio
10 | Educación | Nivel general y divisiones COICOP | 1572.246000 |  |  | Nacional | 2015 - Junio
11 | Restaurantes y hoteles | Nivel general y divisiones COICOP | 1458.624000 |  |  | Nacional | 2015 - Junio
04 | Vivienda, agua, electricidad, gas y otros combustibles | Nivel general y divisiones COICOP | 2101.798900 |  |  | Nacional | 2015 - Julio
06 | Salud | Nivel general y divisiones COICOP | 1749.191300 |  |  | Nacional | 2015 - Julio
07 | Transporte | Nivel general y divisiones COICOP | 1736.469200 |  |  | Nacional | 2015 - Julio
08 | Comunicación | Nivel general y divisiones COICOP | 1841.272300 |  |  | Nacional | 2015 - Julio
09 | Recreación y cultura | Nivel general y divisiones COICOP | 1527.559900 |  |  | Nacional | 2015 - Julio
10 | Educación | Nivel general y divisiones COICOP | 1605.170300 |  |  | Nacional | 2015 - Julio
11 | Restaurantes y hoteles | Nivel general y divisiones COICOP | 1508.603400 |  |  | Nacional | 2015 - Julio
04 | Vivienda, agua, electricidad, gas y otros combustibles | Nivel general y divisiones COICOP | 2153.128300 |  |  | Nacional | 2015 - Agosto
06 | Salud | Nivel general y divisiones COICOP | 1839.743900 |  |  | Nacional | 2015 - Agosto
07 | Transporte | Nivel general y divisiones COICOP | 1803.355800 |  |  | Nacional | 2015 - Agosto
08 | Comunicación | Nivel general y divisiones COICOP | 1863.109600 |  |  | Nacional | 2015 - Agosto
09 | Recreación y cultura | Nivel general y divisiones COICOP | 1591.955900 |  |  | Nacional | 2015 - Agosto
10 | Educación | Nivel general y divisiones COICOP | 1651.996400 |  |  | Nacional | 2015 - Agosto
11 | Restaurantes y hoteles | Nivel general y divisiones COICOP | 1565.508900 |  |  | Nacional | 2015 - Agosto
04 | Vivienda, agua, electricidad, gas y otros combustibles | Nivel general y divisiones COICOP | 2201.422800 |  |  | Nacional | 2015 - Mayo
06 | Salud | Nivel general y divisiones COICOP | 1994.687800 |  |  | Nacional | 2015 - Mayo
07 | Transporte | Nivel general y divisiones COICOP | 1890.483600 |  |  | Nacional | 2015 - Mayo
08 | Comunicación | Nivel general y divisiones COICOP | 1986.965400 |  |  | Nacional | 2015 - Mayo
09 | Recreación y cultura | Nivel general y divisiones COICOP | 1710.262900 |  |  | Nacional | 2015 - Mayo
10 | Educación | Nivel general y divisiones COICOP | 1668.980700 |  |  | Nacional | 2015 - Mayo
11 | Restaurantes y hoteles | Nivel general y divisiones COICOP | 1648.745800 |  |  | Nacional | 2015 - Mayo
04 | Vivienda, agua, electricidad, gas y otros combustibles | Nivel general y divisiones COICOP | 2235.922500 |  |  | Nacional | 2015 - Octubre
06 | Salud | Nivel general y divisiones COICOP | 2088.033300 |  |  | Nacional | 2015 - Octubre
07 | Transporte | Nivel general y divisiones COICOP | 1960.283800 |  |  | Nacional | 2015 - Octubre
08 | Comunicación | Nivel general y divisiones COICOP | 2002.897000 |  |  | Nacional | 2015 - Octubre
09 | Recreación y cultura | Nivel general y divisiones COICOP | 1749.689700 |  |  | Nacional | 2015 - Octubre
10 | Educación | Nivel general y divisiones COICOP | 1697.114200 |  |  | Nacional | 2015 - Octubre
11 | Restaurantes y hoteles | Nivel general y divisiones COICOP | 1691.878100 |  |  | Nacional | 2015 - Octubre
04 | Vivienda, agua, electricidad, gas y otros combustibles | Nivel general y divisiones COICOP | 2269.321600 |  |  | Nacional | 2015 - Noviembre
06 | Salud | Nivel general y divisiones COICOP | 2224.688200 |  |  | Nacional | 2015 - Noviembre
07 | Transporte | Nivel general y divisiones COICOP | 2056.401200 |  |  | Nacional | 2015 - Noviembre
08 | Comunicación | Nivel general y divisiones COICOP | 2155.677700 |  |  | Nacional | 2015 - Noviembre
09 | Recreación y cultura | Nivel general y divisiones COICOP | 1813.791900 |  |  | Nacional | 2015 - Noviembre
10 | Educación | Nivel general y divisiones COICOP | 1738.088300 |  |  | Nacional | 2015 - Noviembre
11 | Restaurantes y hoteles | Nivel general y divisiones COICOP | 1748.115400 |  |  | Nacional | 2015 - Noviembre
04 | Vivienda, agua, electricidad, gas y otros combustibles | Nivel general y divisiones COICOP | 2311.233100 |  |  | Nacional | 2015 - Diciembre
06 | Salud | Nivel general y divisiones COICOP | 2339.977200 |  |  | Nacional | 2015 - Diciembre
07 | Transporte | Nivel general y divisiones COICOP | 2171.425900 |  |  | Nacional | 2015 - Diciembre
08 | Comunicación | Nivel general y divisiones COICOP | 2350.276200 |  |  | Nacional | 2015 - Diciembre
09 | Recreación y cultura | Nivel general y divisiones COICOP | 1858.423800 |  |  | Nacional | 2015 - Diciembre
10 | Educación | Nivel general y divisiones COICOP | 1757.146100 |  |  | Nacional | 2015 - Diciembre
11 | Restaurantes y hoteles | Nivel general y divisiones COICOP | 1801.918000 |  |  | Nacional | 2015 - Diciembre
04 | Vivienda, agua, electricidad, gas y otros combustibles | Nivel general y divisiones COICOP | 2337.195400 |  |  | Nacional | 2020 - Enero
06 | Salud | Nivel general y divisiones COICOP | 2299.097600 |  |  | Nacional | 2020 - Enero
07 | Transporte | Nivel general y divisiones COICOP | 2211.765900 |  |  | Nacional | 2020 - Enero
08 | Comunicación | Nivel general y divisiones COICOP | 2356.692600 |  |  | Nacional | 2020 - Enero
09 | Recreación y cultura | Nivel general y divisiones COICOP | 1935.270200 |  |  | Nacional | 2020 - Enero
10 | Educación | Nivel general y divisiones COICOP | 1762.192100 |  |  | Nacional | 2020 - Enero
11 | Restaurantes y hoteles | Nivel general y divisiones COICOP | 1883.137900 |  |  | Nacional | 2020 - Enero
04 | Vivienda, agua, electricidad, gas y otros combustibles | Nivel general y divisiones COICOP | 2338.340400 |  |  | Nacional | 2020 - Febrero
06 | Salud | Nivel general y divisiones COICOP | 2310.664500 |  |  | Nacional | 2020 - Febrero
07 | Transporte | Nivel general y divisiones COICOP | 2244.438000 |  |  | Nacional | 2020 - Febrero
08 | Comunicación | Nivel general y divisiones COICOP | 2401.730400 |  |  | Nacional | 2020 - Febrero
09 | Recreación y cultura | Nivel general y divisiones COICOP | 1991.277900 |  |  | Nacional | 2020 - Febrero
10 | Educación | Nivel general y divisiones COICOP | 1801.950500 |  |  | Nacional | 2020 - Febrero
11 | Restaurantes y hoteles | Nivel general y divisiones COICOP | 1922.014300 |  |  | Nacional | 2020 - Febrero
04 | Vivienda, agua, electricidad, gas y otros combustibles | Nivel general y divisiones COICOP | 2365.485300 |  |  | Nacional | 2020 - Marzo
06 | Salud | Nivel general y divisiones COICOP | 2373.621900 |  |  | Nacional | 2020 - Marzo
07 | Transporte | Nivel general y divisiones COICOP | 2280.777200 |  |  | Nacional | 2020 - Marzo
08 | Comunicación | Nivel general y divisiones COICOP | 2605.057300 |  |  | Nacional | 2020 - Marzo
09 | Recreación y cultura | Nivel general y divisiones COICOP | 2041.390200 |  |  | Nacional | 2020 - Marzo
10 | Educación | Nivel general y divisiones COICOP | 2102.573800 |  |  | Nacional | 2020 - Marzo
11 | Restaurantes y hoteles | Nivel general y divisiones COICOP | 1971.211700 |  |  | Nacional | 2020 - Marzo
04 | Vivienda, agua, electricidad, gas y otros combustibles | Nivel general y divisiones COICOP | 2366.627900 |  |  | Nacional | 2020 - Abril
06 | Salud | Nivel general y divisiones COICOP | 2413.363100 |  |  | Nacional | 2020 - Abril
07 | Transporte | Nivel general y divisiones COICOP | 2302.697800 |  |  | Nacional | 2020 - Abril
08 | Comunicación | Nivel general y divisiones COICOP | 2492.606100 |  |  | Nacional | 2020 - Abril
09 | Recreación y cultura | Nivel general y divisiones COICOP | 2088.073400 |  |  | Nacional | 2020 - Abril
10 | Educación | Nivel general y divisiones COICOP | 2094.423100 |  |  | Nacional | 2020 - Abril
11 | Restaurantes y hoteles | Nivel general y divisiones COICOP | 2002.345700 |  |  | Nacional | 2020 - Abril
04 | Vivienda, agua, electricidad, gas y otros combustibles | Nivel general y divisiones COICOP | 2370.221900 |  |  | Nacional | 2020 - Mayo
06 | Salud | Nivel general y divisiones COICOP | 2446.349400 |  |  | Nacional | 2020 - Mayo
07 | Transporte | Nivel general y divisiones COICOP | 2330.165200 |  |  | Nacional | 2020 - Mayo
08 | Comunicación | Nivel general y divisiones COICOP | 2499.569800 |  |  | Nacional | 2020 - Mayo
09 | Recreación y cultura | Nivel general y divisiones COICOP | 2158.765100 |  |  | Nacional | 2020 - Mayo
10 | Educación | Nivel general y divisiones COICOP | 2094.882300 |  |  | Nacional | 2020 - Mayo
11 | Restaurantes y hoteles | Nivel general y divisiones COICOP | 2033.447200 |  |  | Nacional | 2020 - Mayo
04 | Vivienda, agua, electricidad, gas y otros combustibles | Nivel general y divisiones COICOP | 2394.548700 |  |  | Nacional | 2020 - Junio
06 | Salud | Nivel general y divisiones COICOP | 2502.125500 |  |  | Nacional | 2020 - Junio
07 | Transporte | Nivel general y divisiones COICOP | 2365.331600 |  |  | Nacional | 2020 - Junio
08 | Comunicación | Nivel general y divisiones COICOP | 2509.008000 |  |  | Nacional | 2020 - Junio
09 | Recreación y cultura | Nivel general y divisiones COICOP | 2223.336500 |  |  | Nacional | 2020 - Junio
10 | Educación | Nivel general y divisiones COICOP | 2106.772100 |  |  | Nacional | 2020 - Junio
11 | Restaurantes y hoteles | Nivel general y divisiones COICOP | 2078.802700 |  |  | Nacional | 2020 - Junio
04 | Vivienda, agua, electricidad, gas y otros combustibles | Nivel general y divisiones COICOP | 2421.402100 |  |  | Nacional | 2020 - Julio
06 | Salud | Nivel general y divisiones COICOP | 2562.835200 |  |  | Nacional | 2020 - Julio
07 | Transporte | Nivel general y divisiones COICOP | 2411.160600 |  |  | Nacional | 2020 - Julio
08 | Comunicación | Nivel general y divisiones COICOP | 2525.247400 |  |  | Nacional | 2020 - Julio
09 | Recreación y cultura | Nivel general y divisiones COICOP | 2303.804900 |  |  | Nacional | 2020 - Julio
10 | Educación | Nivel general y divisiones COICOP | 2114.000600 |  |  | Nacional | 2020 - Julio
11 | Restaurantes y hoteles | Nivel general y divisiones COICOP | 2122.706800 |  |  | Nacional | 2020 - Julio
04 | Vivienda, agua, electricidad, gas y otros combustibles | Nivel general y divisiones COICOP | 2475.613900 |  |  | Nacional | 2020 - Agosto
06 | Salud | Nivel general y divisiones COICOP | 2627.639800 |  |  | Nacional | 2020 - Agosto
07 | Transporte | Nivel general y divisiones COICOP | 2485.064600 |  |  | Nacional | 2020 - Agosto
08 | Comunicación | Nivel general y divisiones COICOP | 2537.446400 |  |  | Nacional | 2020 - Agosto
09 | Recreación y cultura | Nivel general y divisiones COICOP | 2377.064600 |  |  | Nacional | 2020 - Agosto
10 | Educación | Nivel general y divisiones COICOP | 2127.515400 |  |  | Nacional | 2020 - Agosto
11 | Restaurantes y hoteles | Nivel general y divisiones COICOP | 2160.367000 |  |  | Nacional | 2020 - Agosto
04 | Vivienda, agua, electricidad, gas y otros combustibles | Nivel general y divisiones COICOP | 2516.009300 |  |  | Nacional | 2020 - Mayo
06 | Salud | Nivel general y divisiones COICOP | 2727.015600 |  |  | Nacional | 2020 - Mayo
07 | Transporte | Nivel general y divisiones COICOP | 2571.211100 |  |  | Nacional | 2020 - Mayo
08 | Comunicación | Nivel general y divisiones COICOP | 2544.339700 |  |  | Nacional | 2020 - Mayo
09 | Recreación y cultura | Nivel general y divisiones COICOP | 2422.471200 |  |  | Nacional | 2020 - Mayo
10 | Educación | Nivel general y divisiones COICOP | 2132.663000 |  |  | Nacional | 2020 - Mayo
11 | Restaurantes y hoteles | Nivel general y divisiones COICOP | 2194.223800 |  |  | Nacional | 2020 - Mayo
04 | Vivienda, agua, electricidad, gas y otros combustibles | Nivel general y divisiones COICOP | 2575.219900 |  |  | Nacional | 2020 - Octubre
06 | Salud | Nivel general y divisiones COICOP | 2818.089300 |  |  | Nacional | 2020 - Octubre
07 | Transporte | Nivel general y divisiones COICOP | 2674.930000 |  |  | Nacional | 2020 - Octubre
09 | Recreación y cultura | Nivel general y divisiones COICOP | 2483.081300 |  |  | Nacional | 2020 - Octubre
10 | Educación | Nivel general y divisiones COICOP | 2136.242200 |  |  | Nacional | 2020 - Octubre
11 | Restaurantes y hoteles | Nivel general y divisiones COICOP | 2264.390900 |  |  | Nacional | 2020 - Octubre
04 | Vivienda, agua, electricidad, gas y otros combustibles | Nivel general y divisiones COICOP | 2634.699600 |  |  | Nacional | 2020 - Noviembre
06 | Salud | Nivel general y divisiones COICOP | 2925.694400 |  |  | Nacional | 2020 - Noviembre
07 | Transporte | Nivel general y divisiones COICOP | 2769.396100 |  |  | Nacional | 2020 - Noviembre
08 | Comunicación | Nivel general y divisiones COICOP | 2543.640100 |  |  | Nacional | 2020 - Noviembre
09 | Recreación y cultura | Nivel general y divisiones COICOP | 2594.687000 |  |  | Nacional | 2020 - Noviembre
10 | Educación | Nivel general y divisiones COICOP | 2147.050800 |  |  | Nacional | 2020 - Noviembre
11 | Restaurantes y hoteles | Nivel general y divisiones COICOP | 2333.649800 |  |  | Nacional | 2020 - Noviembre
04 | Vivienda, agua, electricidad, gas y otros combustibles | Nivel general y divisiones COICOP | 2694.697900 |  |  | Nacional | 2020 - Diciembre
06 | Salud | Nivel general y divisiones COICOP | 3065.915500 |  |  | Nacional | 2020 - Diciembre
07 | Transporte | Nivel general y divisiones COICOP | 2903.363000 |  |  | Nacional | 2020 - Diciembre
08 | Comunicación | Nivel general y divisiones COICOP | 2545.605100 |  |  | Nacional | 2020 - Diciembre
09 | Recreación y cultura | Nivel general y divisiones COICOP | 2700.390500 |  |  | Nacional | 2020 - Diciembre
10 | Educación | Nivel general y divisiones COICOP | 2148.204900 |  |  | Nacional | 2020 - Diciembre
11 | Restaurantes y hoteles | Nivel general y divisiones COICOP | 2437.806000 |  |  | Nacional | 2020 - Diciembre
04 | Vivienda, agua, electricidad, gas y otros combustibles | Nivel general y divisiones COICOP | 2752.162600 |  |  | Nacional | 2021 - Enero
06 | Salud | Nivel general y divisiones COICOP | 3176.364600 |  |  | Nacional | 2021 - Enero
07 | Transporte | Nivel general y divisiones COICOP | 3067.088200 |  |  | Nacional | 2021 - Enero
08 | Comunicación | Nivel general y divisiones COICOP | 2921.335900 |  |  | Nacional | 2021 - Enero
09 | Recreación y cultura | Nivel general y divisiones COICOP | 2821.944900 |  |  | Nacional | 2021 - Enero
10 | Educación | Nivel general y divisiones COICOP | 2163.762100 |  |  | Nacional | 2021 - Enero
11 | Restaurantes y hoteles | Nivel general y divisiones COICOP | 2571.388700 |  |  | Nacional | 2021 - Enero
04 | Vivienda, agua, electricidad, gas y otros combustibles | Nivel general y divisiones COICOP | 2813.149300 |  |  | Nacional | 2021 - Febrero
06 | Salud | Nivel general y divisiones COICOP | 3304.287700 |  |  | Nacional | 2021 - Febrero
07 | Transporte | Nivel general y divisiones COICOP | 3214.094100 |  |  | Nacional | 2021 - Febrero
08 | Comunicación | Nivel general y divisiones COICOP | 2981.405800 |  |  | Nacional | 2021 - Febrero
09 | Recreación y cultura | Nivel general y divisiones COICOP | 2890.876200 |  |  | Nacional | 2021 - Febrero
10 | Educación | Nivel general y divisiones COICOP | 2170.283700 |  |  | Nacional | 2021 - Febrero
11 | Restaurantes y hoteles | Nivel general y divisiones COICOP | 2705.018000 |  |  | Nacional | 2021 - Febrero
04 | Vivienda, agua, electricidad, gas y otros combustibles | Nivel general y divisiones COICOP | 2860.367300 |  |  | Nacional | 2021 - Marzo
06 | Salud | Nivel general y divisiones COICOP | 3426.652000 |  |  | Nacional | 2021 - Marzo
07 | Transporte | Nivel general y divisiones COICOP | 3353.796300 |  |  | Nacional | 2021 - Marzo
08 | Comunicación | Nivel general y divisiones COICOP | 2997.380100 |  |  | Nacional | 2021 - Marzo
09 | Recreación y cultura | Nivel general y divisiones COICOP | 3023.920600 |  |  | Nacional | 2021 - Marzo
10 | Educación | Nivel general y divisiones COICOP | 2727.343700 |  |  | Nacional | 2021 - Marzo
11 | Restaurantes y hoteles | Nivel general y divisiones COICOP | 2805.107400 |  |  | Nacional | 2021 - Marzo
04 | Vivienda, agua, electricidad, gas y otros combustibles | Nivel general y divisiones COICOP | 2965.808000 |  |  | Nacional | 2021 - Abril
06 | Salud | Nivel general y divisiones COICOP | 3553.354000 |  |  | Nacional | 2021 - Abril
07 | Transporte | Nivel general y divisiones COICOP | 3546.402500 |  |  | Nacional | 2021 - Abril
08 | Comunicación | Nivel general y divisiones COICOP | 2577.145000 |  |  | Nacional | 2021 - Abril
09 | Recreación y cultura | Nivel general y divisiones COICOP | 3082.430400 |  |  | Nacional | 2021 - Abril
10 | Educación | Nivel general y divisiones COICOP | 2791.345500 |  |  | Nacional | 2021 - Abril
11 | Restaurantes y hoteles | Nivel general y divisiones COICOP | 2919.062100 |  |  | Nacional | 2021 - Abril
04 | Vivienda, agua, electricidad, gas y otros combustibles | Nivel general y divisiones COICOP | 3014.738400 |  |  | Nacional | 2021 - Mayo
06 | Salud | Nivel general y divisiones COICOP | 3715.530200 |  |  | Nacional | 2021 - Mayo
07 | Transporte | Nivel general y divisiones COICOP | 3754.392400 |  |  | Nacional | 2021 - Mayo
08 | Comunicación | Nivel general y divisiones COICOP | 3042.544600 |  |  | Nacional | 2021 - Mayo
09 | Recreación y cultura | Nivel general y divisiones COICOP | 3173.649000 |  |  | Nacional | 2021 - Mayo
10 | Educación | Nivel general y divisiones COICOP | 2849.480000 |  |  | Nacional | 2021 - Mayo
11 | Restaurantes y hoteles | Nivel general y divisiones COICOP | 3027.330900 |  |  | Nacional | 2021 - Mayo
04 | Vivienda, agua, electricidad, gas y otros combustibles | Nivel general y divisiones COICOP | 3094.222000 |  |  | Nacional | 2021 - Junio
06 | Salud | Nivel general y divisiones COICOP | 3850.356800 |  |  | Nacional | 2021 - Junio
07 | Transporte | Nivel general y divisiones COICOP | 3876.826000 |  |  | Nacional | 2021 - Junio
08 | Comunicación | Nivel general y divisiones COICOP | 3258.441800 |  |  | Nacional | 2021 - Junio
09 | Recreación y cultura | Nivel general y divisiones COICOP | 3251.550700 |  |  | Nacional | 2021 - Junio
10 | Educación | Nivel general y divisiones COICOP | 2879.521500 |  |  | Nacional | 2021 - Junio
11 | Restaurantes y hoteles | Nivel general y divisiones COICOP | 3121.241900 |  |  | Nacional | 2021 - Junio
04 | Vivienda, agua, electricidad, gas y otros combustibles | Nivel general y divisiones COICOP | 3169.633800 |  |  | Nacional | 2021 - Julio
06 | Salud | Nivel general y divisiones COICOP | 4010.424100 |  |  | Nacional | 2021 - Julio
07 | Transporte | Nivel general y divisiones COICOP | 3975.091100 |  |  | Nacional | 2021 - Julio
08 | Comunicación | Nivel general y divisiones COICOP | 3277.205600 |  |  | Nacional | 2021 - Julio
09 | Recreación y cultura | Nivel general y divisiones COICOP | 3355.520100 |  |  | Nacional | 2021 - Julio
10 | Educación | Nivel general y divisiones COICOP | 2931.693700 |  |  | Nacional | 2021 - Julio
11 | Restaurantes y hoteles | Nivel general y divisiones COICOP | 3266.479400 |  |  | Nacional | 2021 - Julio
04 | Vivienda, agua, electricidad, gas y otros combustibles | Nivel general y divisiones COICOP | 3201.566100 |  |  | Nacional | 2021 - Agosto
06 | Salud | Nivel general y divisiones COICOP | 4167.788900 |  |  | Nacional | 2021 - Agosto
07 | Transporte | Nivel general y divisiones COICOP | 4083.160900 |  |  | Nacional | 2021 - Agosto
08 | Comunicación | Nivel general y divisiones COICOP | 3272.389600 |  |  | Nacional | 2021 - Agosto
09 | Recreación y cultura | Nivel general y divisiones COICOP | 3475.225500 |  |  | Nacional | 2021 - Agosto
10 | Educación | Nivel general y divisiones COICOP | 3036.566900 |  |  | Nacional | 2021 - Agosto
11 | Restaurantes y hoteles | Nivel general y divisiones COICOP | 3361.294700 |  |  | Nacional | 2021 - Agosto
04 | Vivienda, agua, electricidad, gas y otros combustibles | Nivel general y divisiones COICOP | 3272.793200 |  |  | Nacional | 2021 - Mayo
06 | Salud | Nivel general y divisiones COICOP | 4331.277800 |  |  | Nacional | 2021 - Mayo
07 | Transporte | Nivel general y divisiones COICOP | 4189.998400 |  |  | Nacional | 2021 - Mayo
08 | Comunicación | Nivel general y divisiones COICOP | 3355.941600 |  |  | Nacional | 2021 - Mayo
09 | Recreación y cultura | Nivel general y divisiones COICOP | 3605.958300 |  |  | Nacional | 2021 - Mayo
10 | Educación | Nivel general y divisiones COICOP | 3116.526000 |  |  | Nacional | 2021 - Mayo
11 | Restaurantes y hoteles | Nivel general y divisiones COICOP | 3486.808000 |  |  | Nacional | 2021 - Mayo
04 | Vivienda, agua, electricidad, gas y otros combustibles | Nivel general y divisiones COICOP | 3353.890100 |  |  | Nacional | 2021 - Octubre
06 | Salud | Nivel general y divisiones COICOP | 4509.789400 |  |  | Nacional | 2021 - Octubre
07 | Transporte | Nivel general y divisiones COICOP | 4322.608300 |  |  | Nacional | 2021 - Octubre
08 | Comunicación | Nivel general y divisiones COICOP | 3390.216500 |  |  | Nacional | 2021 - Octubre
09 | Recreación y cultura | Nivel general y divisiones COICOP | 3739.337000 |  |  | Nacional | 2021 - Octubre
10 | Educación | Nivel general y divisiones COICOP | 3162.066700 |  |  | Nacional | 2021 - Octubre
11 | Restaurantes y hoteles | Nivel general y divisiones COICOP | 3622.597300 |  |  | Nacional | 2021 - Octubre
04 | Vivienda, agua, electricidad, gas y otros combustibles | Nivel general y divisiones COICOP | 3429.318300 |  |  | Nacional | 2021 - Noviembre
06 | Salud | Nivel general y divisiones COICOP | 4635.604900 |  |  | Nacional | 2021 - Noviembre
07 | Transporte | Nivel general y divisiones COICOP | 4439.308200 |  |  | Nacional | 2021 - Noviembre
08 | Comunicación | Nivel general y divisiones COICOP | 3417.625100 |  |  | Nacional | 2021 - Noviembre
09 | Recreación y cultura | Nivel general y divisiones COICOP | 3802.460500 |  |  | Nacional | 2021 - Noviembre
10 | Educación | Nivel general y divisiones COICOP | 3187.249100 |  |  | Nacional | 2021 - Noviembre
11 | Restaurantes y hoteles | Nivel general y divisiones COICOP | 3782.701900 |  |  | Nacional | 2021 - Noviembre
04 | Vivienda, agua, electricidad, gas y otros combustibles | Nivel general y divisiones COICOP | 3492.256500 |  |  | Nacional | 2021 - Diciembre
06 | Salud | Nivel general y divisiones COICOP | 4665.513400 |  |  | Nacional | 2021 - Diciembre
07 | Transporte | Nivel general y divisiones COICOP | 4624.042600 |  |  | Nacional | 2021 - Diciembre
08 | Comunicación | Nivel general y divisiones COICOP | 3487.074700 |  |  | Nacional | 2021 - Diciembre
09 | Recreación y cultura | Nivel general y divisiones COICOP | 3940.705600 |  |  | Nacional | 2021 - Diciembre
10 | Educación | Nivel general y divisiones COICOP | 3209.697900 |  |  | Nacional | 2021 - Diciembre
11 | Restaurantes y hoteles | Nivel general y divisiones COICOP | 4025.095700 |  |  | Nacional | 2021 - Diciembre
04 | Vivienda, agua, electricidad, gas y otros combustibles | Nivel general y divisiones COICOP | 3577.526800 |  |  | Nacional | 2022 - Enero
06 | Salud | Nivel general y divisiones COICOP | 4839.507800 |  |  | Nacional | 2022 - Enero
07 | Transporte | Nivel general y divisiones COICOP | 4762.422500 |  |  | Nacional | 2022 - Enero
08 | Comunicación | Nivel general y divisiones COICOP | 3735.422800 |  |  | Nacional | 2022 - Enero
09 | Recreación y cultura | Nivel general y divisiones COICOP | 4096.887900 |  |  | Nacional | 2022 - Enero
10 | Educación | Nivel general y divisiones COICOP | 3234.676200 |  |  | Nacional | 2022 - Enero
11 | Restaurantes y hoteles | Nivel general y divisiones COICOP | 4268.814000 |  |  | Nacional | 2022 - Enero
04 | Vivienda, agua, electricidad, gas y otros combustibles | Nivel general y divisiones COICOP | 3672.580200 |  |  | Nacional | 2022 - Febrero
06 | Salud | Nivel general y divisiones COICOP | 5035.889900 |  |  | Nacional | 2022 - Febrero
07 | Transporte | Nivel general y divisiones COICOP | 5018.341300 |  |  | Nacional | 2022 - Febrero
08 | Comunicación | Nivel general y divisiones COICOP | 3794.275300 |  |  | Nacional | 2022 - Febrero
09 | Recreación y cultura | Nivel general y divisiones COICOP | 4224.674400 |  |  | Nacional | 2022 - Febrero
10 | Educación | Nivel general y divisiones COICOP | 3344.717100 |  |  | Nacional | 2022 - Febrero
11 | Restaurantes y hoteles | Nivel general y divisiones COICOP | 4488.590200 |  |  | Nacional | 2022 - Febrero
04 | Vivienda, agua, electricidad, gas y otros combustibles | Nivel general y divisiones COICOP | 3978.698100 |  |  | Nacional | 2022 - Marzo
06 | Salud | Nivel general y divisiones COICOP | 5278.202500 |  |  | Nacional | 2022 - Marzo
07 | Transporte | Nivel general y divisiones COICOP | 5317.400100 |  |  | Nacional | 2022 - Marzo
08 | Comunicación | Nivel general y divisiones COICOP | 3926.359400 |  |  | Nacional | 2022 - Marzo
09 | Recreación y cultura | Nivel general y divisiones COICOP | 4369.767000 |  |  | Nacional | 2022 - Marzo
10 | Educación | Nivel general y divisiones COICOP | 4158.481000 |  |  | Nacional | 2022 - Marzo
11 | Restaurantes y hoteles | Nivel general y divisiones COICOP | 4725.522900 |  |  | Nacional | 2022 - Marzo
04 | Vivienda, agua, electricidad, gas y otros combustibles | Nivel general y divisiones COICOP | 4168.204500 |  |  | Nacional | 2022 - Abril
06 | Salud | Nivel general y divisiones COICOP | 5608.614300 |  |  | Nacional | 2022 - Abril
07 | Transporte | Nivel general y divisiones COICOP | 5584.450900 |  |  | Nacional | 2022 - Abril
08 | Comunicación | Nivel general y divisiones COICOP | 4063.864800 |  |  | Nacional | 2022 - Abril
09 | Recreación y cultura | Nivel general y divisiones COICOP | 4581.238500 |  |  | Nacional | 2022 - Abril
10 | Educación | Nivel general y divisiones COICOP | 4311.364300 |  |  | Nacional | 2022 - Abril
11 | Restaurantes y hoteles | Nivel general y divisiones COICOP | 5069.177000 |  |  | Nacional | 2022 - Abril
04 | Vivienda, agua, electricidad, gas y otros combustibles | Nivel general y divisiones COICOP | 4344.757600 |  |  | Nacional | 2022 - Mayo
06 | Salud | Nivel general y divisiones COICOP | 5958.500700 |  |  | Nacional | 2022 - Mayo
07 | Transporte | Nivel general y divisiones COICOP | 5920.460200 |  |  | Nacional | 2022 - Mayo
08 | Comunicación | Nivel general y divisiones COICOP | 4196.513100 |  |  | Nacional | 2022 - Mayo
09 | Recreación y cultura | Nivel general y divisiones COICOP | 4826.286700 |  |  | Nacional | 2022 - Mayo
10 | Educación | Nivel general y divisiones COICOP | 4434.291800 |  |  | Nacional | 2022 - Mayo
11 | Restaurantes y hoteles | Nivel general y divisiones COICOP | 5364.852000 |  |  | Nacional | 2022 - Mayo
04 | Vivienda, agua, electricidad, gas y otros combustibles | Nivel general y divisiones COICOP | 4623.674800 |  |  | Nacional | 2022 - Junio
06 | Salud | Nivel general y divisiones COICOP | 6386.703200 |  |  | Nacional | 2022 - Junio
07 | Transporte | Nivel general y divisiones COICOP | 6230.206700 |  |  | Nacional | 2022 - Junio
08 | Comunicación | Nivel general y divisiones COICOP | 4224.601500 |  |  | Nacional | 2022 - Junio
09 | Recreación y cultura | Nivel general y divisiones COICOP | 5018.287400 |  |  | Nacional | 2022 - Junio
10 | Educación | Nivel general y divisiones COICOP | 4516.215600 |  |  | Nacional | 2022 - Junio
11 | Restaurantes y hoteles | Nivel general y divisiones COICOP | 5701.544600 |  |  | Nacional | 2022 - Junio
04 | Vivienda, agua, electricidad, gas y otros combustibles | Nivel general y divisiones COICOP | 4847.732000 |  |  | Nacional | 2022 - Julio
06 | Salud | Nivel general y divisiones COICOP | 6807.873100 |  |  | Nacional | 2022 - Julio
07 | Transporte | Nivel general y divisiones COICOP | 6601.026000 |  |  | Nacional | 2022 - Julio
08 | Comunicación | Nivel general y divisiones COICOP | 4478.773300 |  |  | Nacional | 2022 - Julio
09 | Recreación y cultura | Nivel general y divisiones COICOP | 5628.571300 |  |  | Nacional | 2022 - Julio
10 | Educación | Nivel general y divisiones COICOP | 4769.346200 |  |  | Nacional | 2022 - Julio
11 | Restaurantes y hoteles | Nivel general y divisiones COICOP | 6220.081400 |  |  | Nacional | 2022 - Julio
04 | Vivienda, agua, electricidad, gas y otros combustibles | Nivel general y divisiones COICOP | 5135.749800 |  |  | Nacional | 2022 - Agosto
06 | Salud | Nivel general y divisiones COICOP | 7179.642400 |  |  | Nacional | 2022 - Agosto
07 | Transporte | Nivel general y divisiones COICOP | 7011.495200 |  |  | Nacional | 2022 - Agosto
08 | Comunicación | Nivel general y divisiones COICOP | 4668.858500 |  |  | Nacional | 2022 - Agosto
09 | Recreación y cultura | Nivel general y divisiones COICOP | 5951.208400 |  |  | Nacional | 2022 - Agosto
10 | Educación | Nivel general y divisiones COICOP | 5021.048000 |  |  | Nacional | 2022 - Agosto
11 | Restaurantes y hoteles | Nivel general y divisiones COICOP | 6641.909300 |  |  | Nacional | 2022 - Agosto
04 | Vivienda, agua, electricidad, gas y otros combustibles | Nivel general y divisiones COICOP | 5341.719500 |  |  | Nacional | 2022 - Mayo
06 | Salud | Nivel general y divisiones COICOP | 7525.131300 |  |  | Nacional | 2022 - Mayo
07 | Transporte | Nivel general y divisiones COICOP | 7389.768100 |  |  | Nacional | 2022 - Mayo
08 | Comunicación | Nivel general y divisiones COICOP | 4800.040600 |  |  | Nacional | 2022 - Mayo
09 | Recreación y cultura | Nivel general y divisiones COICOP | 6263.118200 |  |  | Nacional | 2022 - Mayo
10 | Educación | Nivel general y divisiones COICOP | 5189.235300 |  |  | Nacional | 2022 - Mayo
11 | Restaurantes y hoteles | Nivel general y divisiones COICOP | 6991.815900 |  |  | Nacional | 2022 - Mayo
04 | Vivienda, agua, electricidad, gas y otros combustibles | Nivel general y divisiones COICOP | 5729.894000 |  |  | Nacional | 2022 - Octubre
06 | Salud | Nivel general y divisiones COICOP | 8029.558900 |  |  | Nacional | 2022 - Octubre
07 | Transporte | Nivel general y divisiones COICOP | 7773.670800 |  |  | Nacional | 2022 - Octubre
08 | Comunicación | Nivel general y divisiones COICOP | 5351.414400 |  |  | Nacional | 2022 - Octubre
09 | Recreación y cultura | Nivel general y divisiones COICOP | 6619.657000 |  |  | Nacional | 2022 - Octubre
10 | Educación | Nivel general y divisiones COICOP | 5439.378900 |  |  | Nacional | 2022 - Octubre
11 | Restaurantes y hoteles | Nivel general y divisiones COICOP | 7481.072100 |  |  | Nacional | 2022 - Octubre
04 | Vivienda, agua, electricidad, gas y otros combustibles | Nivel general y divisiones COICOP | 6137.814000 |  |  | Nacional | 2022 - Noviembre
06 | Salud | Nivel general y divisiones COICOP | 8400.815800 |  |  | Nacional | 2022 - Noviembre
07 | Transporte | Nivel general y divisiones COICOP | 8215.231800 |  |  | Nacional | 2022 - Noviembre
08 | Comunicación | Nivel general y divisiones COICOP | 5681.891300 |  |  | Nacional | 2022 - Noviembre
09 | Recreación y cultura | Nivel general y divisiones COICOP | 6930.209800 |  |  | Nacional | 2022 - Noviembre
10 | Educación | Nivel general y divisiones COICOP | 5609.159300 |  |  | Nacional | 2022 - Noviembre
11 | Restaurantes y hoteles | Nivel general y divisiones COICOP | 7873.774000 |  |  | Nacional | 2022 - Noviembre
04 | Vivienda, agua, electricidad, gas y otros combustibles | Nivel general y divisiones COICOP | 6386.803200 |  |  | Nacional | 2022 - Diciembre
06 | Salud | Nivel general y divisiones COICOP | 8870.312000 |  |  | Nacional | 2022 - Diciembre
07 | Transporte | Nivel general y divisiones COICOP | 8718.830900 |  |  | Nacional | 2022 - Diciembre
08 | Comunicación | Nivel general y divisiones COICOP | 5914.048100 |  |  | Nacional | 2022 - Diciembre
09 | Recreación y cultura | Nivel general y divisiones COICOP | 7295.983900 |  |  | Nacional | 2022 - Diciembre
10 | Educación | Nivel general y divisiones COICOP | 5760.428900 |  |  | Nacional | 2022 - Diciembre
11 | Restaurantes y hoteles | Nivel general y divisiones COICOP | 8448.158700 |  |  | Nacional | 2022 - Diciembre
04 | Vivienda, agua, electricidad, gas y otros combustibles | Nivel general y divisiones COICOP | 6877.063200 |  |  | Nacional | 2023 - Enero
06 | Salud | Nivel general y divisiones COICOP | 9273.647100 |  |  | Nacional | 2023 - Enero
07 | Transporte | Nivel general y divisiones COICOP | 9215.097400 |  |  | Nacional | 2023 - Enero
08 | Comunicación | Nivel general y divisiones COICOP | 6396.779100 |  |  | Nacional | 2023 - Enero
09 | Recreación y cultura | Nivel general y divisiones COICOP | 7891.428400 |  |  | Nacional | 2023 - Enero
10 | Educación | Nivel general y divisiones COICOP | 5806.223700 |  |  | Nacional | 2023 - Enero
11 | Restaurantes y hoteles | Nivel general y divisiones COICOP | 9024.564600 |  |  | Nacional | 2023 - Enero
04 | Vivienda, agua, electricidad, gas y otros combustibles | Nivel general y divisiones COICOP | 7184.888900 |  |  | Nacional | 2023 - Febrero
06 | Salud | Nivel general y divisiones COICOP | 9752.067500 |  |  | Nacional | 2023 - Febrero
07 | Transporte | Nivel general y divisiones COICOP | 9698.164100 |  |  | Nacional | 2023 - Febrero
08 | Comunicación | Nivel general y divisiones COICOP | 6848.617400 |  |  | Nacional | 2023 - Febrero
09 | Recreación y cultura | Nivel general y divisiones COICOP | 8409.453500 |  |  | Nacional | 2023 - Febrero
10 | Educación | Nivel general y divisiones COICOP | 6036.379100 |  |  | Nacional | 2023 - Febrero
11 | Restaurantes y hoteles | Nivel general y divisiones COICOP | 9745.809400 |  |  | Nacional | 2023 - Febrero
04 | Vivienda, agua, electricidad, gas y otros combustibles | Nivel general y divisiones COICOP | 7617.126000 |  |  | Nacional | 2023 - Marzo
06 | Salud | Nivel general y divisiones COICOP | 10313.021600 |  |  | Nacional | 2023 - Marzo
07 | Transporte | Nivel general y divisiones COICOP | 10188.948200 |  |  | Nacional | 2023 - Marzo
08 | Comunicación | Nivel general y divisiones COICOP | 6988.343500 |  |  | Nacional | 2023 - Marzo
09 | Recreación y cultura | Nivel general y divisiones COICOP | 8854.147800 |  |  | Nacional | 2023 - Marzo
10 | Educación | Nivel general y divisiones COICOP | 7972.096400 |  |  | Nacional | 2023 - Marzo
11 | Restaurantes y hoteles | Nivel general y divisiones COICOP | 10511.281400 |  |  | Nacional | 2023 - Marzo
04 | Vivienda, agua, electricidad, gas y otros combustibles | Nivel general y divisiones COICOP | 8003.678700 |  |  | Nacional | 2023 - Abril
06 | Salud | Nivel general y divisiones COICOP | 10972.363100 |  |  | Nacional | 2023 - Abril
07 | Transporte | Nivel general y divisiones COICOP | 10815.461000 |  |  | Nacional | 2023 - Abril
08 | Comunicación | Nivel general y divisiones COICOP | 7415.396700 |  |  | Nacional | 2023 - Abril
09 | Recreación y cultura | Nivel general y divisiones COICOP | 9459.446500 |  |  | Nacional | 2023 - Abril
10 | Educación | Nivel general y divisiones COICOP | 8287.504600 |  |  | Nacional | 2023 - Abril
11 | Restaurantes y hoteles | Nivel general y divisiones COICOP | 11609.347700 |  |  | Nacional | 2023 - Abril
04 | Vivienda, agua, electricidad, gas y otros combustibles | Nivel general y divisiones COICOP | 8927.995900 |  |  | Nacional | 2023 - Mayo
06 | Salud | Nivel general y divisiones COICOP | 12052.713200 |  |  | Nacional | 2023 - Mayo
07 | Transporte | Nivel general y divisiones COICOP | 11557.851300 |  |  | Nacional | 2023 - Mayo
08 | Comunicación | Nivel general y divisiones COICOP | 7914.876300 |  |  | Nacional | 2023 - Mayo
09 | Recreación y cultura | Nivel general y divisiones COICOP | 10187.316100 |  |  | Nacional | 2023 - Mayo
10 | Educación | Nivel general y divisiones COICOP | 8682.775900 |  |  | Nacional | 2023 - Mayo
11 | Restaurantes y hoteles | Nivel general y divisiones COICOP | 12602.083900 |  |  | Nacional | 2023 - Mayo
04 | Vivienda, agua, electricidad, gas y otros combustibles | Nivel general y divisiones COICOP | 9872.324100 |  |  | Nacional | 2023 - Junio
06 | Salud | Nivel general y divisiones COICOP | 13108.231400 |  |  | Nacional | 2023 - Junio
07 | Transporte | Nivel general y divisiones COICOP | 12275.400500 |  |  | Nacional | 2023 - Junio
08 | Comunicación | Nivel general y divisiones COICOP | 8654.523300 |  |  | Nacional | 2023 - Junio
09 | Recreación y cultura | Nivel general y divisiones COICOP | 10870.943400 |  |  | Nacional | 2023 - Junio
10 | Educación | Nivel general y divisiones COICOP | 9281.404400 |  |  | Nacional | 2023 - Junio
11 | Restaurantes y hoteles | Nivel general y divisiones COICOP | 13290.186000 |  |  | Nacional | 2023 - Junio
04 | Vivienda, agua, electricidad, gas y otros combustibles | Nivel general y divisiones COICOP | 10338.274500 |  |  | Nacional | 2023 - Julio
06 | Salud | Nivel general y divisiones COICOP | 14341.926400 |  |  | Nacional | 2023 - Julio
07 | Transporte | Nivel general y divisiones COICOP | 13043.311500 |  |  | Nacional | 2023 - Julio
08 | Comunicación | Nivel general y divisiones COICOP | 9668.871600 |  |  | Nacional | 2023 - Julio
09 | Recreación y cultura | Nivel general y divisiones COICOP | 11987.832600 |  |  | Nacional | 2023 - Julio
10 | Educación | Nivel general y divisiones COICOP | 9824.073300 |  |  | Nacional | 2023 - Julio
11 | Restaurantes y hoteles | Nivel general y divisiones COICOP | 14254.838200 |  |  | Nacional | 2023 - Julio
04 | Vivienda, agua, electricidad, gas y otros combustibles | Nivel general y divisiones COICOP | 11132.393800 |  |  | Nacional | 2023 - Agosto
06 | Salud | Nivel general y divisiones COICOP | 16507.883600 |  |  | Nacional | 2023 - Agosto
07 | Transporte | Nivel general y divisiones COICOP | 14484.513700 |  |  | Nacional | 2023 - Agosto
08 | Comunicación | Nivel general y divisiones COICOP | 10112.657100 |  |  | Nacional | 2023 - Agosto
09 | Recreación y cultura | Nivel general y divisiones COICOP | 13483.128100 |  |  | Nacional | 2023 - Agosto
10 | Educación | Nivel general y divisiones COICOP | 10677.601400 |  |  | Nacional | 2023 - Agosto
11 | Restaurantes y hoteles | Nivel general y divisiones COICOP | 16090.176700 |  |  | Nacional | 2023 - Agosto
04 | Vivienda, agua, electricidad, gas y otros combustibles | Nivel general y divisiones COICOP | 12208.357300 |  |  | Nacional | 2023 - Mayo
06 | Salud | Nivel general y divisiones COICOP | 15592.896300 |  |  | Nacional | 2023 - Mayo
07 | Transporte | Nivel general y divisiones COICOP | 16100.481300 |  |  | Nacional | 2023 - Mayo
08 | Comunicación | Nivel general y divisiones COICOP | 11085.621300 |  |  | Nacional | 2023 - Mayo
09 | Recreación y cultura | Nivel general y divisiones COICOP | 15503.904400 |  |  | Nacional | 2023 - Mayo
10 | Educación | Nivel general y divisiones COICOP | 11412.434300 |  |  | Nacional | 2023 - Mayo
11 | Restaurantes y hoteles | Nivel general y divisiones COICOP | 18180.689000 |  |  | Nacional | 2023 - Mayo
04 | Vivienda, agua, electricidad, gas y otros combustibles | Nivel general y divisiones COICOP | 13029.717100 |  |  | Nacional | 2023 - Octubre
06 | Salud | Nivel general y divisiones COICOP | 19089.443800 |  |  | Nacional | 2023 - Octubre
07 | Transporte | Nivel general y divisiones COICOP | 17240.435300 |  |  | Nacional | 2023 - Octubre
08 | Comunicación | Nivel general y divisiones COICOP | 12430.898300 |  |  | Nacional | 2023 - Octubre
09 | Recreación y cultura | Nivel general y divisiones COICOP | 17011.495600 |  |  | Nacional | 2023 - Octubre
10 | Educación | Nivel general y divisiones COICOP | 12042.226900 |  |  | Nacional | 2023 - Octubre
11 | Restaurantes y hoteles | Nivel general y divisiones COICOP | 19783.981600 |  |  | Nacional | 2023 - Octubre
04 | Vivienda, agua, electricidad, gas y otros combustibles | Nivel general y divisiones COICOP | 14095.596400 |  |  | Nacional | 2023 - Noviembre
06 | Salud | Nivel general y divisiones COICOP | 22045.773600 |  |  | Nacional | 2023 - Noviembre
07 | Transporte | Nivel general y divisiones COICOP | 19040.347200 |  |  | Nacional | 2023 - Noviembre
08 | Comunicación | Nivel general y divisiones COICOP | 14266.836500 |  |  | Nacional | 2023 - Noviembre
09 | Recreación y cultura | Nivel general y divisiones COICOP | 19134.338000 |  |  | Nacional | 2023 - Noviembre
10 | Educación | Nivel general y divisiones COICOP | 12901.958700 |  |  | Nacional | 2023 - Noviembre
11 | Restaurantes y hoteles | Nivel general y divisiones COICOP | 22036.069300 |  |  | Nacional | 2023 - Noviembre
04 | Vivienda, agua, electricidad, gas y otros combustibles | Nivel general y divisiones COICOP | 15980.153600 |  |  | Nacional | 2023 - Diciembre
06 | Salud | Nivel general y divisiones COICOP | 29401.130300 |  |  | Nacional | 2023 - Diciembre
07 | Transporte | Nivel general y divisiones COICOP | 25266.983300 |  |  | Nacional | 2023 - Diciembre
08 | Comunicación | Nivel general y divisiones COICOP | 16528.927300 |  |  | Nacional | 2023 - Diciembre
09 | Recreación y cultura | Nivel general y divisiones COICOP | 23138.718700 |  |  | Nacional | 2023 - Diciembre
10 | Educación | Nivel general y divisiones COICOP | 13647.873300 |  |  | Nacional | 2023 - Diciembre
11 | Restaurantes y hoteles | Nivel general y divisiones COICOP | 26863.388700 |  |  | Nacional | 2023 - Diciembre
04 | Vivienda, agua, electricidad, gas y otros combustibles | Nivel general y divisiones COICOP | 18702.102400 |  |  | Nacional | 2024 - Enero
06 | Salud | Nivel general y divisiones COICOP | 35419.809700 |  |  | Nacional | 2024 - Enero
07 | Transporte | Nivel general y divisiones COICOP | 32248.559300 |  |  | Nacional | 2024 - Enero
08 | Comunicación | Nivel general y divisiones COICOP | 20745.112000 |  |  | Nacional | 2024 - Enero
09 | Recreación y cultura | Nivel general y divisiones COICOP | 28399.527100 |  |  | Nacional | 2024 - Enero
10 | Educación | Nivel general y divisiones COICOP | 13804.033400 |  |  | Nacional | 2024 - Enero
11 | Restaurantes y hoteles | Nivel general y divisiones COICOP | 32172.583400 |  |  | Nacional | 2024 - Enero
04 | Vivienda, agua, electricidad, gas y otros combustibles | Nivel general y divisiones COICOP | 22492.258800 |  |  | Nacional | 2024 - Febrero
06 | Salud | Nivel general y divisiones COICOP | 39967.843300 |  |  | Nacional | 2024 - Febrero
07 | Transporte | Nivel general y divisiones COICOP | 37812.344700 |  |  | Nacional | 2024 - Febrero
08 | Comunicación | Nivel general y divisiones COICOP | 25665.919500 |  |  | Nacional | 2024 - Febrero
09 | Recreación y cultura | Nivel general y divisiones COICOP | 30921.003800 |  |  | Nacional | 2024 - Febrero
10 | Educación | Nivel general y divisiones COICOP | 15119.203200 |  |  | Nacional | 2024 - Febrero
11 | Restaurantes y hoteles | Nivel general y divisiones COICOP | 35970.435200 |  |  | Nacional | 2024 - Febrero
04 | Vivienda, agua, electricidad, gas y otros combustibles | Nivel general y divisiones COICOP | 25004.741500 |  |  | Nacional | 2024 - Marzo
06 | Salud | Nivel general y divisiones COICOP | 44593.411000 |  |  | Nacional | 2024 - Marzo
07 | Transporte | Nivel general y divisiones COICOP | 42985.800000 |  |  | Nacional | 2024 - Marzo
08 | Comunicación | Nivel general y divisiones COICOP | 29541.098000 |  |  | Nacional | 2024 - Marzo
09 | Recreación y cultura | Nivel general y divisiones COICOP | 33330.060000 |  |  | Nacional | 2024 - Marzo
10 | Educación | Nivel general y divisiones COICOP | 23093.381000 |  |  | Nacional | 2024 - Marzo
11 | Restaurantes y hoteles | Nivel general y divisiones COICOP | 39021.007000 |  |  | Nacional | 2024 - Marzo
04 | Vivienda, agua, electricidad, gas y otros combustibles | Nivel general y divisiones COICOP | 32795.607000 |  |  | Nacional | 2024 - Abril
06 | Salud | Nivel general y divisiones COICOP | 48511.785000 |  |  | Nacional | 2024 - Abril
07 | Transporte | Nivel general y divisiones COICOP | 45350.293000 |  |  | Nacional | 2024 - Abril
08 | Comunicación | Nivel general y divisiones COICOP | 33753.412000 |  |  | Nacional | 2024 - Abril
09 | Recreación y cultura | Nivel general y divisiones COICOP | 35950.937000 |  |  | Nacional | 2024 - Abril
10 | Educación | Nivel general y divisiones COICOP | 25241.616000 |  |  | Nacional | 2024 - Abril
11 | Restaurantes y hoteles | Nivel general y divisiones COICOP | 41672.102000 |  |  | Nacional | 2024 - Abril
04 | Vivienda, agua, electricidad, gas y otros combustibles | Nivel general y divisiones COICOP | 33652.230000 |  |  | Nacional | 2024 - Mayo
06 | Salud | Nivel general y divisiones COICOP | 49082.436000 |  |  | Nacional | 2024 - Mayo
07 | Transporte | Nivel general y divisiones COICOP | 47565.924000 |  |  | Nacional | 2024 - Mayo
08 | Comunicación | Nivel general y divisiones COICOP | 36515.257000 |  |  | Nacional | 2024 - Mayo
09 | Recreación y cultura | Nivel general y divisiones COICOP | 37517.369000 |  |  | Nacional | 2024 - Mayo
10 | Educación | Nivel general y divisiones COICOP | 27196.958000 |  |  | Nacional | 2024 - Mayo
11 | Restaurantes y hoteles | Nivel general y divisiones COICOP | 43816.445000 |  |  | Nacional | 2024 - Mayo
04 | Vivienda, agua, electricidad, gas y otros combustibles | Nivel general y divisiones COICOP | 39318.657000 |  |  | Nacional | 2024 - Junio
06 | Salud | Nivel general y divisiones COICOP | 51455.160000 |  |  | Nacional | 2024 - Junio
07 | Transporte | Nivel general y divisiones COICOP | 49327.936000 |  |  | Nacional | 2024 - Junio
08 | Comunicación | Nivel general y divisiones COICOP | 38478.810000 |  |  | Nacional | 2024 - Junio
09 | Recreación y cultura | Nivel general y divisiones COICOP | 39308.609000 |  |  | Nacional | 2024 - Junio
10 | Educación | Nivel general y divisiones COICOP | 28952.730000 |  |  | Nacional | 2024 - Junio
11 | Restaurantes y hoteles | Nivel general y divisiones COICOP | 46299.640000 |  |  | Nacional | 2024 - Junio
04 | Vivienda, agua, electricidad, gas y otros combustibles | Nivel general y divisiones COICOP | 42560.282000 |  |  | Nacional | 2024 - Julio
06 | Salud | Nivel general y divisiones COICOP | 54287.479000 |  |  | Nacional | 2024 - Julio
07 | Transporte | Nivel general y divisiones COICOP | 50773.958000 |  |  | Nacional | 2024 - Julio
08 | Comunicación | Nivel general y divisiones COICOP | 40056.944000 |  |  | Nacional | 2024 - Julio
09 | Recreación y cultura | Nivel general y divisiones COICOP | 41519.655000 |  |  | Nacional | 2024 - Julio
10 | Educación | Nivel general y divisiones COICOP | 30621.772000 |  |  | Nacional | 2024 - Julio
11 | Restaurantes y hoteles | Nivel general y divisiones COICOP | 49364.165000 |  |  | Nacional | 2024 - Julio
04 | Vivienda, agua, electricidad, gas y otros combustibles | Nivel general y divisiones COICOP | 45999.528000 |  |  | Nacional | 2024 - Agosto
06 | Salud | Nivel general y divisiones COICOP | 56413.890000 |  |  | Nacional | 2024 - Agosto
08 | Comunicación | Nivel general y divisiones COICOP | 42048.635000 |  |  | Nacional | 2024 - Agosto
09 | Recreación y cultura | Nivel general y divisiones COICOP | 43024.861000 |  |  | Nacional | 2024 - Agosto
10 | Educación | Nivel general y divisiones COICOP | 32790.049000 |  |  | Nacional | 2024 - Agosto
11 | Restaurantes y hoteles | Nivel general y divisiones COICOP | 52021.299000 |  |  | Nacional | 2024 - Agosto
04 | Vivienda, agua, electricidad, gas y otros combustibles | Nivel general y divisiones COICOP | 49544.709000 |  |  | Nacional | 2024 - Mayo
06 | Salud | Nivel general y divisiones COICOP | 58407.582000 |  |  | Nacional | 2024 - Mayo
07 | Transporte | Nivel general y divisiones COICOP | 54543.346000 |  |  | Nacional | 2024 - Mayo
08 | Comunicación | Nivel general y divisiones COICOP | 43276.564000 |  |  | Nacional | 2024 - Mayo
09 | Recreación y cultura | Nivel general y divisiones COICOP | 44173.031000 |  |  | Nacional | 2024 - Mayo
10 | Educación | Nivel general y divisiones COICOP | 34220.296000 |  |  | Nacional | 2024 - Mayo
11 | Restaurantes y hoteles | Nivel general y divisiones COICOP | 53686.759000 |  |  | Nacional | 2024 - Mayo
04 | Vivienda, agua, electricidad, gas y otros combustibles | Nivel general y divisiones COICOP | 52537.937000 |  |  | Nacional | 2024 - Octubre
06 | Salud | Nivel general y divisiones COICOP | 60510.016000 |  |  | Nacional | 2024 - Octubre
07 | Transporte | Nivel general y divisiones COICOP | 55207.614000 |  |  | Nacional | 2024 - Octubre
08 | Comunicación | Nivel general y divisiones COICOP | 44118.363000 |  |  | Nacional | 2024 - Octubre
09 | Recreación y cultura | Nivel general y divisiones COICOP | 45467.136000 |  |  | Nacional | 2024 - Octubre
10 | Educación | Nivel general y divisiones COICOP | 35542.360000 |  |  | Nacional | 2024 - Octubre
11 | Restaurantes y hoteles | Nivel general y divisiones COICOP | 56232.396000 |  |  | Nacional | 2024 - Octubre
04 | Vivienda, agua, electricidad, gas y otros combustibles | Nivel general y divisiones COICOP | 54819.243000 |  |  | Nacional | 2024 - Noviembre
06 | Salud | Nivel general y divisiones COICOP | 62168.723000 |  |  | Nacional | 2024 - Noviembre
07 | Transporte | Nivel general y divisiones COICOP | 56882.490000 |  |  | Nacional | 2024 - Noviembre
08 | Comunicación | Nivel general y divisiones COICOP | 44897.255000 |  |  | Nacional | 2024 - Noviembre
09 | Recreación y cultura | Nivel general y divisiones COICOP | 47036.374000 |  |  | Nacional | 2024 - Noviembre
10 | Educación | Nivel general y divisiones COICOP | 37245.345000 |  |  | Nacional | 2024 - Noviembre
11 | Restaurantes y hoteles | Nivel general y divisiones COICOP | 58425.000000 |  |  | Nacional | 2024 - Noviembre
04 | Vivienda, agua, electricidad, gas y otros combustibles | Nivel general y divisiones COICOP | 57298.514900 |  |  | Nacional | 2024 - Diciembre
06 | Salud | Nivel general y divisiones COICOP | 63296.358600 |  |  | Nacional | 2024 - Diciembre
07 | Transporte | Nivel general y divisiones COICOP | 58523.272700 |  |  | Nacional | 2024 - Diciembre
08 | Comunicación | Nivel general y divisiones COICOP | 47165.732300 |  |  | Nacional | 2024 - Diciembre
09 | Recreación y cultura | Nivel general y divisiones COICOP | 48223.069300 |  |  | Nacional | 2024 - Diciembre
10 | Educación | Nivel general y divisiones COICOP | 37974.127800 |  |  | Nacional | 2024 - Diciembre
11 | Restaurantes y hoteles | Nivel general y divisiones COICOP | 61109.837800 |  |  | Nacional | 2024 - Diciembre
04 | Vivienda, agua, electricidad, gas y otros combustibles | Nivel general y divisiones COICOP | 59799.124600 |  |  | Nacional | 2025 - Enero
06 | Salud | Nivel general y divisiones COICOP | 64806.335700 |  |  | Nacional | 2025 - Enero
07 | Transporte | Nivel general y divisiones COICOP | 59536.388300 |  |  | Nacional | 2025 - Enero
08 | Comunicación | Nivel general y divisiones COICOP | 48222.345800 |  |  | Nacional | 2025 - Enero
09 | Recreación y cultura | Nivel general y divisiones COICOP | 49430.986700 |  |  | Nacional | 2025 - Enero
10 | Educación | Nivel general y divisiones COICOP | 38334.591700 |  |  | Nacional | 2025 - Enero
11 | Restaurantes y hoteles | Nivel general y divisiones COICOP | 64465.797200 |  |  | Nacional | 2025 - Enero
04 | Vivienda, agua, electricidad, gas y otros combustibles | Nivel general y divisiones COICOP | 62297.808400 |  |  | Nacional | 2025 - Febrero
06 | Salud | Nivel general y divisiones COICOP | 66139.923200 |  |  | Nacional | 2025 - Febrero
07 | Transporte | Nivel general y divisiones COICOP | 60547.506800 |  |  | Nacional | 2025 - Febrero
08 | Comunicación | Nivel general y divisiones COICOP | 49360.083500 |  |  | Nacional | 2025 - Febrero
09 | Recreación y cultura | Nivel general y divisiones COICOP | 50539.514000 |  |  | Nacional | 2025 - Febrero
10 | Educación | Nivel general y divisiones COICOP | 39854.522100 |  |  | Nacional | 2025 - Febrero
11 | Restaurantes y hoteles | Nivel general y divisiones COICOP | 66050.335900 |  |  | Nacional | 2025 - Febrero
04 | Vivienda, agua, electricidad, gas y otros combustibles | Nivel general y divisiones COICOP | 64115.663800 |  |  | Nacional | 2025 - Marzo
06 | Salud | Nivel general y divisiones COICOP | 67467.399300 |  |  | Nacional | 2025 - Marzo
07 | Transporte | Nivel general y divisiones COICOP | 61425.525900 |  |  | Nacional | 2025 - Marzo
08 | Comunicación | Nivel general y divisiones COICOP | 50459.852500 |  |  | Nacional | 2025 - Marzo
09 | Recreación y cultura | Nivel general y divisiones COICOP | 50880.402100 |  |  | Nacional | 2025 - Marzo
10 | Educación | Nivel general y divisiones COICOP | 49807.233400 |  |  | Nacional | 2025 - Marzo
11 | Restaurantes y hoteles | Nivel general y divisiones COICOP | 68700.772100 |  |  | Nacional | 2025 - Marzo
04 | Vivienda, agua, electricidad, gas y otros combustibles | Nivel general y divisiones COICOP | 65330.592600 |  |  | Nacional | 2025 - Abril
06 | Salud | Nivel general y divisiones COICOP | 69054.451100 |  |  | Nacional | 2025 - Abril
07 | Transporte | Nivel general y divisiones COICOP | 62464.366800 |  |  | Nacional | 2025 - Abril
08 | Comunicación | Nivel general y divisiones COICOP | 52038.240200 |  |  | Nacional | 2025 - Abril
09 | Recreación y cultura | Nivel general y divisiones COICOP | 52640.872300 |  |  | Nacional | 2025 - Abril
10 | Educación | Nivel general y divisiones COICOP | 51235.831600 |  |  | Nacional | 2025 - Abril
11 | Restaurantes y hoteles | Nivel general y divisiones COICOP | 71629.070200 |  |  | Nacional | 2025 - Abril
04 | Vivienda, agua, electricidad, gas y otros combustibles | Nivel general y divisiones COICOP | 66786.054900 |  |  | Nacional | 2025 - Mayo
06 | Salud | Nivel general y divisiones COICOP | 70968.986300 |  |  | Nacional | 2025 - Mayo
07 | Transporte | Nivel general y divisiones COICOP | 62626.259100 |  |  | Nacional | 2025 - Mayo
08 | Comunicación | Nivel general y divisiones COICOP | 54059.242500 |  |  | Nacional | 2025 - Mayo
09 | Recreación y cultura | Nivel general y divisiones COICOP | 53578.082800 |  |  | Nacional | 2025 - Mayo
10 | Educación | Nivel general y divisiones COICOP | 52464.062700 |  |  | Nacional | 2025 - Mayo
11 | Restaurantes y hoteles | Nivel general y divisiones COICOP | 73574.301600 |  |  | Nacional | 2025 - Mayo
04 | Vivienda, agua, electricidad, gas y otros combustibles | Nivel general y divisiones COICOP | 68648.743300 |  |  | Nacional | 2025 - Junio
06 | Salud | Nivel general y divisiones COICOP | 72473.303900 |  |  | Nacional | 2025 - Junio
07 | Transporte | Nivel general y divisiones COICOP | 63461.026000 |  |  | Nacional | 2025 - Junio
08 | Comunicación | Nivel general y divisiones COICOP | 54878.937000 |  |  | Nacional | 2025 - Junio
09 | Recreación y cultura | Nivel general y divisiones COICOP | 54768.455200 |  |  | Nacional | 2025 - Junio
10 | Educación | Nivel general y divisiones COICOP | 54103.353600 |  |  | Nacional | 2025 - Junio
11 | Restaurantes y hoteles | Nivel general y divisiones COICOP | 75271.201900 |  |  | Nacional | 2025 - Junio
04 | Vivienda, agua, electricidad, gas y otros combustibles | Nivel general y divisiones COICOP | 70056.086300 |  |  | Nacional | 2025 - Julio
06 | Salud | Nivel general y divisiones COICOP | 73254.693600 |  |  | Nacional | 2025 - Julio
07 | Transporte | Nivel general y divisiones COICOP | 65301.690300 |  |  | Nacional | 2025 - Julio
08 | Comunicación | Nivel general y divisiones COICOP | 56113.558600 |  |  | Nacional | 2025 - Julio
09 | Recreación y cultura | Nivel general y divisiones COICOP | 56993.471100 |  |  | Nacional | 2025 - Julio
10 | Educación | Nivel general y divisiones COICOP | 55295.010600 |  |  | Nacional | 2025 - Julio
