04|Vivienda, agua, electricidad, gas y otros combustibles|Nivel general y divisiones COICOP|100|NA|NA|Nacional|Diciembre - 2016
06|Salud|Nivel general y divisiones COICOP|100|NA|NA|Nacional|Diciembre - 2016
07|Transporte|Nivel general y divisiones COICOP|100|NA|NA|Nacional|Diciembre - 2016
08|Comunicación|Nivel general y divisiones COICOP|100|NA|NA|Nacional|Diciembre - 2016
09|Recreación y cultura|Nivel general y divisiones COICOP|100|NA|NA|Nacional|Diciembre - 2016
10|Educación|Nivel general y divisiones COICOP|100|NA|NA|Nacional|Diciembre - 2016
11|Restaurantes y hoteles|Nivel general y divisiones COICOP|100|NA|NA|Nacional|Diciembre - 2016
04|Vivienda, agua, electricidad, gas y otros combustibles|Nivel general y divisiones COICOP|101.4784|1.5|NA|Nacional|Enero - 2017
06|Salud|Nivel general y divisiones COICOP|102.3501|2.4|NA|Nacional|Enero - 2017
07|Transporte|Nivel general y divisiones COICOP|102.0755|2.1|NA|Nacional|Enero - 2017
08|Comunicación|Nivel general y divisiones COICOP|103.0516|3.1|NA|Nacional|Enero - 2017
09|Recreación y cultura|Nivel general y divisiones COICOP|103.1906|3.2|NA|Nacional|Enero - 2017
10|Educación|Nivel general y divisiones COICOP|100.7952|0.8|NA|Nacional|Enero - 2017
11|Restaurantes y hoteles|Nivel general y divisiones COICOP|103.1002|3.1|NA|Nacional|Enero - 2017
04|Vivienda, agua, electricidad, gas y otros combustibles|Nivel general y divisiones COICOP|107.0014|5.4|NA|Nacional|Febrero - 2017
06|Salud|Nivel general y divisiones COICOP|105.0852|2.7|NA|Nacional|Febrero - 2017
07|Transporte|Nivel general y divisiones COICOP|103.9957|1.9|NA|Nacional|Febrero - 2017
08|Comunicación|Nivel general y divisiones COICOP|107.2514|4.1|NA|Nacional|Febrero - 2017
09|Recreación y cultura|Nivel general y divisiones COICOP|103.7961|0.6|NA|Nacional|Febrero - 2017
10|Educación|Nivel general y divisiones COICOP|103.9808|3.2|NA|Nacional|Febrero - 2017
11|Restaurantes y hoteles|Nivel general y divisiones COICOP|104.8886|1.7|NA|Nacional|Febrero - 2017
04|Vivienda, agua, electricidad, gas y otros combustibles|Nivel general y divisiones COICOP|110.8463|3.6|NA|Nacional|Marzo - 2017
06|Salud|Nivel general y divisiones COICOP|107.1422|2|NA|Nacional|Marzo - 2017
07|Transporte|Nivel general y divisiones COICOP|105.2177|1.2|NA|Nacional|Marzo - 2017
08|Comunicación|Nivel general y divisiones COICOP|110.6933|3.2|NA|Nacional|Marzo - 2017
09|Recreación y cultura|Nivel general y divisiones COICOP|105.5114|1.7|NA|Nacional|Marzo - 2017
10|Educación|Nivel general y divisiones COICOP|115.3409|10.9|NA|Nacional|Marzo - 2017
11|Restaurantes y hoteles|Nivel general y divisiones COICOP|105.9567|1|NA|Nacional|Marzo - 2017
04|Vivienda, agua, electricidad, gas y otros combustibles|Nivel general y divisiones COICOP|117.4108|5.9|NA|Nacional|Abril - 2017
06|Salud|Nivel general y divisiones COICOP|109.052|1.8|NA|Nacional|Abril - 2017
07|Transporte|Nivel general y divisiones COICOP|105.8674|0.6|NA|Nacional|Abril - 2017
08|Comunicación|Nivel general y divisiones COICOP|118.2686|6.8|NA|Nacional|Abril - 2017
09|Recreación y cultura|Nivel general y divisiones COICOP|108.2881|2.6|NA|Nacional|Abril - 2017
10|Educación|Nivel general y divisiones COICOP|118.6783|2.9|NA|Nacional|Abril - 2017
11|Restaurantes y hoteles|Nivel general y divisiones COICOP|107.9795|1.9|NA|Nacional|Abril - 2017
04|Vivienda, agua, electricidad, gas y otros combustibles|Nivel general y divisiones COICOP|119.5207|1.8|NA|Nacional|Mayo - 2017
06|Salud|Nivel general y divisiones COICOP|110.7256|1.5|NA|Nacional|Mayo - 2017
07|Transporte|Nivel general y divisiones COICOP|106.8575|0.9|NA|Nacional|Mayo - 2017
08|Comunicación|Nivel general y divisiones COICOP|118.6553|0.3|NA|Nacional|Mayo - 2017
09|Recreación y cultura|Nivel general y divisiones COICOP|109.0808|0.7|NA|Nacional|Mayo - 2017
10|Educación|Nivel general y divisiones COICOP|120.69|1.7|NA|Nacional|Mayo - 2017
11|Restaurantes y hoteles|Nivel general y divisiones COICOP|109.5541|1.5|NA|Nacional|Mayo - 2017
04|Vivienda, agua, electricidad, gas y otros combustibles|Nivel general y divisiones COICOP|121.6359|1.8|NA|Nacional|Junio - 2017
06|Salud|Nivel general y divisiones COICOP|112.3558|1.5|NA|Nacional|Junio - 2017
07|Transporte|Nivel general y divisiones COICOP|107.5925|0.7|NA|Nacional|Junio - 2017
08|Comunicación|Nivel general y divisiones COICOP|120.1049|1.2|NA|Nacional|Junio - 2017
09|Recreación y cultura|Nivel general y divisiones COICOP|111.6195|2.3|NA|Nacional|Junio - 2017
10|Educación|Nivel general y divisiones COICOP|121.8757|1|NA|Nacional|Junio - 2017
11|Restaurantes y hoteles|Nivel general y divisiones COICOP|110.9475|1.3|NA|Nacional|Junio - 2017
04|Vivienda, agua, electricidad, gas y otros combustibles|Nivel general y divisiones COICOP|124.0879|2|NA|Nacional|Julio - 2017
06|Salud|Nivel general y divisiones COICOP|116.0848|3.3|NA|Nacional|Julio - 2017
07|Transporte|Nivel general y divisiones COICOP|109.9058|2.2|NA|Nacional|Julio - 2017
08|Comunicación|Nivel general y divisiones COICOP|121.2281|0.9|NA|Nacional|Julio - 2017
09|Recreación y cultura|Nivel general y divisiones COICOP|115.609|3.6|NA|Nacional|Julio - 2017
10|Educación|Nivel general y divisiones COICOP|122.8868|0.8|NA|Nacional|Julio - 2017
11|Restaurantes y hoteles|Nivel general y divisiones COICOP|113.777|2.6|NA|Nacional|Julio - 2017
04|Vivienda, agua, electricidad, gas y otros combustibles|Nivel general y divisiones COICOP|126.7648|2.2|NA|Nacional|Agosto - 2017
06|Salud|Nivel general y divisiones COICOP|119.0025|2.5|NA|Nacional|Agosto - 2017
07|Transporte|Nivel general y divisiones COICOP|111.0994|1.1|NA|Nacional|Agosto - 2017
08|Comunicación|Nivel general y divisiones COICOP|123.052|1.5|NA|Nacional|Agosto - 2017
09|Recreación y cultura|Nivel general y divisiones COICOP|116.3997|0.7|NA|Nacional|Agosto - 2017
10|Educación|Nivel general y divisiones COICOP|125.3185|2|NA|Nacional|Agosto - 2017
11|Restaurantes y hoteles|Nivel general y divisiones COICOP|114.5928|0.7|NA|Nacional|Agosto - 2017
04|Vivienda, agua, electricidad, gas y otros combustibles|Nivel general y divisiones COICOP|129.2656|2|NA|Nacional|Septiembre - 2017
06|Salud|Nivel general y divisiones COICOP|121.8977|2.4|NA|Nacional|Septiembre - 2017
07|Transporte|Nivel general y divisiones COICOP|111.9943|0.8|NA|Nacional|Septiembre - 2017
08|Comunicación|Nivel general y divisiones COICOP|124.3454|1.1|NA|Nacional|Septiembre - 2017
09|Recreación y cultura|Nivel general y divisiones COICOP|119.536|2.7|NA|Nacional|Septiembre - 2017
10|Educación|Nivel general y divisiones COICOP|129.9791|3.7|NA|Nacional|Septiembre - 2017
11|Restaurantes y hoteles|Nivel general y divisiones COICOP|116.2141|1.4|NA|Nacional|Septiembre - 2017
04|Vivienda, agua, electricidad, gas y otros combustibles|Nivel general y divisiones COICOP|130.4139|0.9|NA|Nacional|Octubre - 2017
06|Salud|Nivel general y divisiones COICOP|123.2121|1.1|NA|Nacional|Octubre - 2017
07|Transporte|Nivel general y divisiones COICOP|113.4318|1.3|NA|Nacional|Octubre - 2017
08|Comunicación|Nivel general y divisiones COICOP|130.9342|5.3|NA|Nacional|Octubre - 2017
09|Recreación y cultura|Nivel general y divisiones COICOP|121.032|1.3|NA|Nacional|Octubre - 2017
10|Educación|Nivel general y divisiones COICOP|131.0253|0.8|NA|Nacional|Octubre - 2017
11|Restaurantes y hoteles|Nivel general y divisiones COICOP|117.834|1.4|NA|Nacional|Octubre - 2017
04|Vivienda, agua, electricidad, gas y otros combustibles|Nivel general y divisiones COICOP|132.0294|1.2|NA|Nacional|Noviembre - 2017
06|Salud|Nivel general y divisiones COICOP|124.8225|1.3|NA|Nacional|Noviembre - 2017
07|Transporte|Nivel general y divisiones COICOP|116.8496|3|NA|Nacional|Noviembre - 2017
08|Comunicación|Nivel general y divisiones COICOP|131.8833|0.7|NA|Nacional|Noviembre - 2017
09|Recreación y cultura|Nivel general y divisiones COICOP|121.8725|0.7|NA|Nacional|Noviembre - 2017
10|Educación|Nivel general y divisiones COICOP|131.4832|0.3|NA|Nacional|Noviembre - 2017
11|Restaurantes y hoteles|Nivel general y divisiones COICOP|119.9896|1.8|NA|Nacional|Noviembre - 2017
04|Vivienda, agua, electricidad, gas y otros combustibles|Nivel general y divisiones COICOP|155.5929|17.8|55.6|Nacional|Diciembre - 2017
06|Salud|Nivel general y divisiones COICOP|127.7938|2.4|27.8|Nacional|Diciembre - 2017
07|Transporte|Nivel general y divisiones COICOP|120.6253|3.2|20.6|Nacional|Diciembre - 2017
08|Comunicación|Nivel general y divisiones COICOP|134.1367|1.7|34.1|Nacional|Diciembre - 2017
09|Recreación y cultura|Nivel general y divisiones COICOP|122.7547|0.7|22.8|Nacional|Diciembre - 2017
10|Educación|Nivel general y divisiones COICOP|131.4716|0|31.5|Nacional|Diciembre - 2017
11|Restaurantes y hoteles|Nivel general y divisiones COICOP|122.136|1.8|22.1|Nacional|Diciembre - 2017
04|Vivienda, agua, electricidad, gas y otros combustibles|Nivel general y divisiones COICOP|157.216|1|54.9|Nacional|Enero - 2018
06|Salud|Nivel general y divisiones COICOP|130.037|1.8|27.1|Nacional|Enero - 2018
07|Transporte|Nivel general y divisiones COICOP|123.2423|2.2|20.7|Nacional|Enero - 2018
08|Comunicación|Nivel general y divisiones COICOP|136.6524|1.9|32.6|Nacional|Enero - 2018
09|Recreación y cultura|Nivel general y divisiones COICOP|127.0012|3.5|23.1|Nacional|Enero - 2018
10|Educación|Nivel general y divisiones COICOP|132.3079|0.6|31.3|Nacional|Enero - 2018
11|Restaurantes y hoteles|Nivel general y divisiones COICOP|125.7038|2.9|21.9|Nacional|Enero - 2018
04|Vivienda, agua, electricidad, gas y otros combustibles|Nivel general y divisiones COICOP|163.1754|3.8|52.5|Nacional|Febrero - 2018
06|Salud|Nivel general y divisiones COICOP|133.0853|2.3|26.6|Nacional|Febrero - 2018
07|Transporte|Nivel general y divisiones COICOP|128.7666|4.5|23.8|Nacional|Febrero - 2018
08|Comunicación|Nivel general y divisiones COICOP|149.113|9.1|39|Nacional|Febrero - 2018
09|Recreación y cultura|Nivel general y divisiones COICOP|128.2519|1|23.6|Nacional|Febrero - 2018
10|Educación|Nivel general y divisiones COICOP|134.8324|1.9|29.7|Nacional|Febrero - 2018
11|Restaurantes y hoteles|Nivel general y divisiones COICOP|128.3425|2.1|22.4|Nacional|Febrero - 2018
04|Vivienda, agua, electricidad, gas y otros combustibles|Nivel general y divisiones COICOP|164.1018|0.6|48|Nacional|Marzo - 2018
06|Salud|Nivel general y divisiones COICOP|134.821|1.3|25.8|Nacional|Marzo - 2018
07|Transporte|Nivel general y divisiones COICOP|131.0603|1.8|24.6|Nacional|Marzo - 2018
08|Comunicación|Nivel general y divisiones COICOP|153.2069|2.7|38.4|Nacional|Marzo - 2018
09|Recreación y cultura|Nivel general y divisiones COICOP|129.8108|1.2|23|Nacional|Marzo - 2018
10|Educación|Nivel general y divisiones COICOP|153.4357|13.8|33|Nacional|Marzo - 2018
11|Restaurantes y hoteles|Nivel general y divisiones COICOP|130.5949|1.8|23.3|Nacional|Marzo - 2018
04|Vivienda, agua, electricidad, gas y otros combustibles|Nivel general y divisiones COICOP|177.2462|8|51|Nacional|Abril - 2018
06|Salud|Nivel general y divisiones COICOP|137.2231|1.8|25.8|Nacional|Abril - 2018
07|Transporte|Nivel general y divisiones COICOP|136.3269|4|28.8|Nacional|Abril - 2018
08|Comunicación|Nivel general y divisiones COICOP|154.7928|1|30.9|Nacional|Abril - 2018
09|Recreación y cultura|Nivel general y divisiones COICOP|132.3056|1.9|22.2|Nacional|Abril - 2018
10|Educación|Nivel general y divisiones COICOP|154.6926|0.8|30.3|Nacional|Abril - 2018
11|Restaurantes y hoteles|Nivel general y divisiones COICOP|133.5827|2.3|23.7|Nacional|Abril - 2018
04|Vivienda, agua, electricidad, gas y otros combustibles|Nivel general y divisiones COICOP|175.9498|-0.7|47.2|Nacional|Mayo - 2018
06|Salud|Nivel general y divisiones COICOP|140.2549|2.2|26.7|Nacional|Mayo - 2018
07|Transporte|Nivel general y divisiones COICOP|138.9243|1.9|30|Nacional|Mayo - 2018
08|Comunicación|Nivel general y divisiones COICOP|160.8721|3.9|35.6|Nacional|Mayo - 2018
09|Recreación y cultura|Nivel general y divisiones COICOP|135.6359|2.5|24.3|Nacional|Mayo - 2018
10|Educación|Nivel general y divisiones COICOP|156.0746|0.9|29.3|Nacional|Mayo - 2018
11|Restaurantes y hoteles|Nivel general y divisiones COICOP|136.7886|2.4|24.9|Nacional|Mayo - 2018
04|Vivienda, agua, electricidad, gas y otros combustibles|Nivel general y divisiones COICOP|180.6206|2.7|48.5|Nacional|Junio - 2018
06|Salud|Nivel general y divisiones COICOP|146.2916|4.3|30.2|Nacional|Junio - 2018
07|Transporte|Nivel general y divisiones COICOP|147.1719|5.9|36.8|Nacional|Junio - 2018
08|Comunicación|Nivel general y divisiones COICOP|161.4822|0.4|34.5|Nacional|Junio - 2018
09|Recreación y cultura|Nivel general y divisiones COICOP|140.1805|3.4|25.6|Nacional|Junio - 2018
10|Educación|Nivel general y divisiones COICOP|157.9789|1.2|29.6|Nacional|Junio - 2018
11|Restaurantes y hoteles|Nivel general y divisiones COICOP|140.423|2.7|26.6|Nacional|Junio - 2018
04|Vivienda, agua, electricidad, gas y otros combustibles|Nivel general y divisiones COICOP|182.4306|1|47|Nacional|Julio - 2018
06|Salud|Nivel general y divisiones COICOP|150.399|2.8|29.6|Nacional|Julio - 2018
07|Transporte|Nivel general y divisiones COICOP|154.8231|5.2|40.9|Nacional|Julio - 2018
08|Comunicación|Nivel general y divisiones COICOP|162.4498|0.6|34|Nacional|Julio - 2018
09|Recreación y cultura|Nivel general y divisiones COICOP|147.2814|5.1|27.4|Nacional|Julio - 2018
10|Educación|Nivel general y divisiones COICOP|160.7826|1.8|30.8|Nacional|Julio - 2018
11|Restaurantes y hoteles|Nivel general y divisiones COICOP|144.436|2.9|26.9|Nacional|Julio - 2018
04|Vivienda, agua, electricidad, gas y otros combustibles|Nivel general y divisiones COICOP|193.6678|6.2|52.8|Nacional|Agosto - 2018
06|Salud|Nivel general y divisiones COICOP|156.5273|4.1|31.5|Nacional|Agosto - 2018
07|Transporte|Nivel general y divisiones COICOP|161.083|4|45|Nacional|Agosto - 2018
08|Comunicación|Nivel general y divisiones COICOP|182.6004|12.4|48.4|Nacional|Agosto - 2018
09|Recreación y cultura|Nivel general y divisiones COICOP|152.1489|3.3|30.7|Nacional|Agosto - 2018
10|Educación|Nivel general y divisiones COICOP|163.8623|1.9|30.8|Nacional|Agosto - 2018
11|Restaurantes y hoteles|Nivel general y divisiones COICOP|147.9425|2.4|29.1|Nacional|Agosto - 2018
04|Vivienda, agua, electricidad, gas y otros combustibles|Nivel general y divisiones COICOP|198.1079|2.3|53.3|Nacional|Septiembre - 2018
06|Salud|Nivel general y divisiones COICOP|163.6215|4.5|34.2|Nacional|Septiembre - 2018
07|Transporte|Nivel general y divisiones COICOP|177.8431|10.4|58.8|Nacional|Septiembre - 2018
08|Comunicación|Nivel general y divisiones COICOP|186.4637|2.1|50|Nacional|Septiembre - 2018
09|Recreación y cultura|Nivel general y divisiones COICOP|162.4851|6.8|35.9|Nacional|Septiembre - 2018
10|Educación|Nivel general y divisiones COICOP|166.5346|1.6|28.1|Nacional|Septiembre - 2018
11|Restaurantes y hoteles|Nivel general y divisiones COICOP|156.4246|5.7|34.6|Nacional|Septiembre - 2018
04|Vivienda, agua, electricidad, gas y otros combustibles|Nivel general y divisiones COICOP|215.507|8.8|65.2|Nacional|Octubre - 2018
06|Salud|Nivel general y divisiones COICOP|172.5763|5.5|40.1|Nacional|Octubre - 2018
07|Transporte|Nivel general y divisiones COICOP|191.3913|7.6|68.7|Nacional|Octubre - 2018
08|Comunicación|Nivel general y divisiones COICOP|187.8155|0.7|43.4|Nacional|Octubre - 2018
09|Recreación y cultura|Nivel general y divisiones COICOP|166.9487|2.7|37.9|Nacional|Octubre - 2018
10|Educación|Nivel general y divisiones COICOP|170.0009|2.1|29.7|Nacional|Octubre - 2018
11|Restaurantes y hoteles|Nivel general y divisiones COICOP|161.2576|3.1|36.9|Nacional|Octubre - 2018
04|Vivienda, agua, electricidad, gas y otros combustibles|Nivel general y divisiones COICOP|220.0981|2.1|66.7|Nacional|Noviembre - 2018
06|Salud|Nivel general y divisiones COICOP|182.333|5.7|46.1|Nacional|Noviembre - 2018
07|Transporte|Nivel general y divisiones COICOP|196.5066|2.7|68.2|Nacional|Noviembre - 2018
08|Comunicación|Nivel general y divisiones COICOP|193.5208|3|46.7|Nacional|Noviembre - 2018
09|Recreación y cultura|Nivel general y divisiones COICOP|171.6321|2.8|40.8|Nacional|Noviembre - 2018
10|Educación|Nivel general y divisiones COICOP|171.9664|1.2|30.8|Nacional|Noviembre - 2018
11|Restaurantes y hoteles|Nivel general y divisiones COICOP|165.4071|2.6|37.9|Nacional|Noviembre - 2018
04|Vivienda, agua, electricidad, gas y otros combustibles|Nivel general y divisiones COICOP|226.6993|3|45.7|Nacional|Diciembre - 2018
06|Salud|Nivel general y divisiones COICOP|191.9052|5.2|50.2|Nacional|Diciembre - 2018
07|Transporte|Nivel general y divisiones COICOP|201.2271|2.4|66.8|Nacional|Diciembre - 2018
08|Comunicación|Nivel general y divisiones COICOP|208.333|7.7|55.3|Nacional|Diciembre - 2018
09|Recreación y cultura|Nivel general y divisiones COICOP|176.0803|2.6|43.4|Nacional|Diciembre - 2018
10|Educación|Nivel general y divisiones COICOP|173.7237|1|32.1|Nacional|Diciembre - 2018
11|Restaurantes y hoteles|Nivel general y divisiones COICOP|169.794|2.7|39|Nacional|Diciembre - 2018
04|Vivienda, agua, electricidad, gas y otros combustibles|Nivel general y divisiones COICOP|233.7201|3.1|48.7|Nacional|Enero - 2019
06|Salud|Nivel general y divisiones COICOP|197.4877|2.9|51.9|Nacional|Enero - 2019
07|Transporte|Nivel general y divisiones COICOP|206.205|2.5|67.3|Nacional|Enero - 2019
08|Comunicación|Nivel general y divisiones COICOP|223.7092|7.4|63.7|Nacional|Enero - 2019
09|Recreación y cultura|Nivel general y divisiones COICOP|182.2543|3.5|43.5|Nacional|Enero - 2019
10|Educación|Nivel general y divisiones COICOP|174.7196|0.6|32.1|Nacional|Enero - 2019
11|Restaurantes y hoteles|Nivel general y divisiones COICOP|176.1325|3.7|40.1|Nacional|Enero - 2019
04|Vivienda, agua, electricidad, gas y otros combustibles|Nivel general y divisiones COICOP|248.6768|6.4|52.4|Nacional|Febrero - 2019
06|Salud|Nivel general y divisiones COICOP|203.7521|3.2|53.1|Nacional|Febrero - 2019
07|Transporte|Nivel general y divisiones COICOP|210.7001|2.2|63.6|Nacional|Febrero - 2019
08|Comunicación|Nivel general y divisiones COICOP|226.1415|1.1|51.7|Nacional|Febrero - 2019
09|Recreación y cultura|Nivel general y divisiones COICOP|186.2753|2.2|45.2|Nacional|Febrero - 2019
10|Educación|Nivel general y divisiones COICOP|177.646|1.7|31.8|Nacional|Febrero - 2019
11|Restaurantes y hoteles|Nivel general y divisiones COICOP|182.5376|3.6|42.2|Nacional|Febrero - 2019
04|Vivienda, agua, electricidad, gas y otros combustibles|Nivel general y divisiones COICOP|255.6783|2.8|55.8|Nacional|Marzo - 2019
06|Salud|Nivel general y divisiones COICOP|210.369|3.2|56|Nacional|Marzo - 2019
07|Transporte|Nivel general y divisiones COICOP|219.4872|4.2|67.5|Nacional|Marzo - 2019
08|Comunicación|Nivel general y divisiones COICOP|236.0623|4.4|54.1|Nacional|Marzo - 2019
09|Recreación y cultura|Nivel general y divisiones COICOP|189.9687|2|46.3|Nacional|Marzo - 2019
10|Educación|Nivel general y divisiones COICOP|209.4616|17.9|36.5|Nacional|Marzo - 2019
11|Restaurantes y hoteles|Nivel general y divisiones COICOP|190.4396|4.3|45.8|Nacional|Marzo - 2019
04|Vivienda, agua, electricidad, gas y otros combustibles|Nivel general y divisiones COICOP|263.2012|2.9|48.5|Nacional|Abril - 2019
06|Salud|Nivel general y divisiones COICOP|217.7389|3.5|58.7|Nacional|Abril - 2019
07|Transporte|Nivel general y divisiones COICOP|229.0584|4.4|68|Nacional|Abril - 2019
08|Comunicación|Nivel general y divisiones COICOP|244.3102|3.5|57.8|Nacional|Abril - 2019
09|Recreación y cultura|Nivel general y divisiones COICOP|195.9999|3.2|48.1|Nacional|Abril - 2019
10|Educación|Nivel general y divisiones COICOP|212.6984|1.5|37.5|Nacional|Abril - 2019
11|Restaurantes y hoteles|Nivel general y divisiones COICOP|198.2112|4.1|48.4|Nacional|Abril - 2019
04|Vivienda, agua, electricidad, gas y otros combustibles|Nivel general y divisiones COICOP|273.6695|4|55.5|Nacional|Mayo - 2019
06|Salud|Nivel general y divisiones COICOP|228.7921|5.1|63.1|Nacional|Mayo - 2019
07|Transporte|Nivel general y divisiones COICOP|237.057|3.5|70.6|Nacional|Mayo - 2019
08|Comunicación|Nivel general y divisiones COICOP|249.1176|2|54.9|Nacional|Mayo - 2019
09|Recreación y cultura|Nivel general y divisiones COICOP|200.6997|2.4|48|Nacional|Mayo - 2019
10|Educación|Nivel general y divisiones COICOP|219.6863|3.3|40.8|Nacional|Mayo - 2019
11|Restaurantes y hoteles|Nivel general y divisiones COICOP|202.6055|2.2|48.1|Nacional|Mayo - 2019
04|Vivienda, agua, electricidad, gas y otros combustibles|Nivel general y divisiones COICOP|281.0736|2.7|55.6|Nacional|Junio - 2019
06|Salud|Nivel general y divisiones COICOP|236.9165|3.6|61.9|Nacional|Junio - 2019
07|Transporte|Nivel general y divisiones COICOP|240.7657|1.6|63.6|Nacional|Junio - 2019
08|Comunicación|Nivel general y divisiones COICOP|266.8665|7.1|65.3|Nacional|Junio - 2019
09|Recreación y cultura|Nivel general y divisiones COICOP|208.1341|3.7|48.5|Nacional|Junio - 2019
10|Educación|Nivel general y divisiones COICOP|223.5381|1.8|41.5|Nacional|Junio - 2019
11|Restaurantes y hoteles|Nivel general y divisiones COICOP|207.737|2.5|47.9|Nacional|Junio - 2019
04|Vivienda, agua, electricidad, gas y otros combustibles|Nivel general y divisiones COICOP|287.2242|2.2|57.4|Nacional|Julio - 2019
06|Salud|Nivel general y divisiones COICOP|246.6508|4.1|64|Nacional|Julio - 2019
07|Transporte|Nivel general y divisiones COICOP|243.5064|1.1|57.3|Nacional|Julio - 2019
08|Comunicación|Nivel general y divisiones COICOP|267.4442|0.2|64.6|Nacional|Julio - 2019
09|Recreación y cultura|Nivel general y divisiones COICOP|216.1836|3.9|46.8|Nacional|Julio - 2019
10|Educación|Nivel general y divisiones COICOP|228.213|2.1|41.9|Nacional|Julio - 2019
11|Restaurantes y hoteles|Nivel general y divisiones COICOP|213.878|3|48.1|Nacional|Julio - 2019
04|Vivienda, agua, electricidad, gas y otros combustibles|Nivel general y divisiones COICOP|293.329|2.1|51.5|Nacional|Agosto - 2019
06|Salud|Nivel general y divisiones COICOP|259.4603|5.2|65.8|Nacional|Agosto - 2019
07|Transporte|Nivel general y divisiones COICOP|253.1342|4|57.1|Nacional|Agosto - 2019
08|Comunicación|Nivel general y divisiones COICOP|270.5675|1.2|48.2|Nacional|Agosto - 2019
09|Recreación y cultura|Nivel general y divisiones COICOP|225.1959|4.2|48|Nacional|Agosto - 2019
10|Educación|Nivel general y divisiones COICOP|233.9485|2.5|42.8|Nacional|Agosto - 2019
11|Restaurantes y hoteles|Nivel general y divisiones COICOP|221.5727|3.6|49.8|Nacional|Agosto - 2019
04|Vivienda, agua, electricidad, gas y otros combustibles|Nivel general y divisiones COICOP|299.168|2|51|Nacional|Septiembre - 2019
06|Salud|Nivel general y divisiones COICOP|281.0982|8.3|71.8|Nacional|Septiembre - 2019
07|Transporte|Nivel general y divisiones COICOP|265.0598|4.7|49|Nacional|Septiembre - 2019
08|Comunicación|Nivel general y divisiones COICOP|288.7594|6.7|54.9|Nacional|Septiembre - 2019
09|Recreación y cultura|Nivel general y divisiones COICOP|242.2378|7.6|49.1|Nacional|Septiembre - 2019
10|Educación|Nivel general y divisiones COICOP|236.3192|1|41.9|Nacional|Septiembre - 2019
11|Restaurantes y hoteles|Nivel general y divisiones COICOP|233.2019|5.2|49.1|Nacional|Septiembre - 2019
04|Vivienda, agua, electricidad, gas y otros combustibles|Nivel general y divisiones COICOP|304.8007|1.9|41.4|Nacional|Octubre - 2019
06|Salud|Nivel general y divisiones COICOP|294.2595|4.7|70.5|Nacional|Octubre - 2019
07|Transporte|Nivel general y divisiones COICOP|274.3506|3.5|43.3|Nacional|Octubre - 2019
08|Comunicación|Nivel general y divisiones COICOP|290.1029|0.5|54.5|Nacional|Octubre - 2019
09|Recreación y cultura|Nivel general y divisiones COICOP|247.0628|2|48|Nacional|Octubre - 2019
10|Educación|Nivel general y divisiones COICOP|240.0651|1.6|41.2|Nacional|Octubre - 2019
11|Restaurantes y hoteles|Nivel general y divisiones COICOP|239.127|2.5|48.3|Nacional|Octubre - 2019
04|Vivienda, agua, electricidad, gas y otros combustibles|Nivel general y divisiones COICOP|309.4466|1.5|40.6|Nacional|Noviembre - 2019
06|Salud|Nivel general y divisiones COICOP|312.847|6.3|71.6|Nacional|Noviembre - 2019
07|Transporte|Nivel general y divisiones COICOP|286.9334|4.6|46|Nacional|Noviembre - 2019
08|Comunicación|Nivel general y divisiones COICOP|311.5568|7.4|61|Nacional|Noviembre - 2019
09|Recreación y cultura|Nivel general y divisiones COICOP|255.3408|3.4|48.8|Nacional|Noviembre - 2019
10|Educación|Nivel general y divisiones COICOP|250.6401|4.4|45.7|Nacional|Noviembre - 2019
11|Restaurantes y hoteles|Nivel general y divisiones COICOP|247.0036|3.3|49.3|Nacional|Noviembre - 2019
04|Vivienda, agua, electricidad, gas y otros combustibles|Nivel general y divisiones COICOP|316.0254|2.1|39.4|Nacional|Diciembre - 2019
06|Salud|Nivel general y divisiones COICOP|330.324|5.6|72.1|Nacional|Diciembre - 2019
07|Transporte|Nivel general y divisiones COICOP|301.1997|5|49.7|Nacional|Diciembre - 2019
08|Comunicación|Nivel general y divisiones COICOP|341.3832|9.6|63.9|Nacional|Diciembre - 2019
09|Recreación y cultura|Nivel general y divisiones COICOP|261.4482|2.4|48.5|Nacional|Diciembre - 2019
10|Educación|Nivel general y divisiones COICOP|255.5638|2|47.1|Nacional|Diciembre - 2019
11|Restaurantes y hoteles|Nivel general y divisiones COICOP|255.1194|3.3|50.3|Nacional|Diciembre - 2019
04|Vivienda, agua, electricidad, gas y otros combustibles|Nivel general y divisiones COICOP|318.0346|0.6|36.1|Nacional|Enero - 2020
06|Salud|Nivel general y divisiones COICOP|323.7294|-2|63.9|Nacional|Enero - 2020
07|Transporte|Nivel general y divisiones COICOP|305.6389|1.5|48.2|Nacional|Enero - 2020
08|Comunicación|Nivel general y divisiones COICOP|341.8435|0.1|52.8|Nacional|Enero - 2020
09|Recreación y cultura|Nivel general y divisiones COICOP|274.5141|5|50.6|Nacional|Enero - 2020
10|Educación|Nivel general y divisiones COICOP|256.9216|0.5|47|Nacional|Enero - 2020
11|Restaurantes y hoteles|Nivel general y divisiones COICOP|265.7678|4.2|50.9|Nacional|Enero - 2020
04|Vivienda, agua, electricidad, gas y otros combustibles|Nivel general y divisiones COICOP|319.9809|0.6|28.7|Nacional|Febrero - 2020
06|Salud|Nivel general y divisiones COICOP|325.1671|0.4|59.6|Nacional|Febrero - 2020
07|Transporte|Nivel general y divisiones COICOP|310.5997|1.6|47.4|Nacional|Febrero - 2020
08|Comunicación|Nivel general y divisiones COICOP|349.775|2.3|54.7|Nacional|Febrero - 2020
09|Recreación y cultura|Nivel general y divisiones COICOP|280.5764|2.2|50.6|Nacional|Febrero - 2020
10|Educación|Nivel general y divisiones COICOP|260.6158|1.4|46.7|Nacional|Febrero - 2020
11|Restaurantes y hoteles|Nivel general y divisiones COICOP|273.9206|3.1|50.1|Nacional|Febrero - 2020
04|Vivienda, agua, electricidad, gas y otros combustibles|Nivel general y divisiones COICOP|324.3739|1.4|26.9|Nacional|Marzo - 2020
06|Salud|Nivel general y divisiones COICOP|333.8163|2.7|58.7|Nacional|Marzo - 2020
07|Transporte|Nivel general y divisiones COICOP|315.6444|1.6|43.8|Nacional|Marzo - 2020
08|Comunicación|Nivel general y divisiones COICOP|378.653|8.3|60.4|Nacional|Marzo - 2020
09|Recreación y cultura|Nivel general y divisiones COICOP|287.5823|2.5|51.4|Nacional|Marzo - 2020
10|Educación|Nivel general y divisiones COICOP|306.0975|17.5|46.1|Nacional|Marzo - 2020
11|Restaurantes y hoteles|Nivel general y divisiones COICOP|279.826|2.2|46.9|Nacional|Marzo - 2020
04|Vivienda, agua, electricidad, gas y otros combustibles|Nivel general y divisiones COICOP|324.3903|0|23.2|Nacional|Abril - 2020
06|Salud|Nivel general y divisiones COICOP|337.7523|1.2|55.1|Nacional|Abril - 2020
07|Transporte|Nivel general y divisiones COICOP|319.8688|1.3|39.6|Nacional|Abril - 2020
08|Comunicación|Nivel general y divisiones COICOP|363.1467|-4.1|48.6|Nacional|Abril - 2020
09|Recreación y cultura|Nivel general y divisiones COICOP|294.2192|2.3|50.1|Nacional|Abril - 2020
10|Educación|Nivel general y divisiones COICOP|301.6002|-1.5|41.8|Nacional|Abril - 2020
11|Restaurantes y hoteles|Nivel general y divisiones COICOP|284.0325|1.5|43.3|Nacional|Abril - 2020
04|Vivienda, agua, electricidad, gas y otros combustibles|Nivel general y divisiones COICOP|324.7404|0.1|18.7|Nacional|Mayo - 2020
06|Salud|Nivel general y divisiones COICOP|341.3461|1.1|49.2|Nacional|Mayo - 2020
07|Transporte|Nivel general y divisiones COICOP|323.2338|1.1|36.4|Nacional|Mayo - 2020
08|Comunicación|Nivel general y divisiones COICOP|364.3572|0.3|46.3|Nacional|Mayo - 2020
09|Recreación y cultura|Nivel general y divisiones COICOP|301.4356|2.5|50.2|Nacional|Mayo - 2020
10|Educación|Nivel general y divisiones COICOP|300.3424|-0.4|36.7|Nacional|Mayo - 2020
11|Restaurantes y hoteles|Nivel general y divisiones COICOP|288.4158|1.5|42.4|Nacional|Mayo - 2020
04|Vivienda, agua, electricidad, gas y otros combustibles|Nivel general y divisiones COICOP|327.7297|0.9|16.6|Nacional|Junio - 2020
06|Salud|Nivel general y divisiones COICOP|348.9759|2.2|47.3|Nacional|Junio - 2020
07|Transporte|Nivel general y divisiones COICOP|329.1348|1.8|36.7|Nacional|Junio - 2020
08|Comunicación|Nivel general y divisiones COICOP|365.8524|0.4|37.1|Nacional|Junio - 2020
09|Recreación y cultura|Nivel general y divisiones COICOP|314.005|4.2|50.9|Nacional|Junio - 2020
10|Educación|Nivel general y divisiones COICOP|301.4521|0.4|34.9|Nacional|Junio - 2020
11|Restaurantes y hoteles|Nivel general y divisiones COICOP|294.9019|2.2|42|Nacional|Junio - 2020
04|Vivienda, agua, electricidad, gas y otros combustibles|Nivel general y divisiones COICOP|331.0918|1|15.3|Nacional|Julio - 2020
06|Salud|Nivel general y divisiones COICOP|356.5467|2.2|44.6|Nacional|Julio - 2020
07|Transporte|Nivel general y divisiones COICOP|335.1763|1.8|37.6|Nacional|Julio - 2020
08|Comunicación|Nivel general y divisiones COICOP|368.496|0.7|37.8|Nacional|Julio - 2020
09|Recreación y cultura|Nivel general y divisiones COICOP|324.3321|3.3|50|Nacional|Julio - 2020
10|Educación|Nivel general y divisiones COICOP|301.7724|0.1|32.2|Nacional|Julio - 2020
11|Restaurantes y hoteles|Nivel general y divisiones COICOP|300.6189|1.9|40.6|Nacional|Julio - 2020
04|Vivienda, agua, electricidad, gas y otros combustibles|Nivel general y divisiones COICOP|338.8038|2.3|15.5|Nacional|Agosto - 2020
06|Salud|Nivel general y divisiones COICOP|365.1113|2.4|40.7|Nacional|Agosto - 2020
07|Transporte|Nivel general y divisiones COICOP|344.7144|2.8|36.2|Nacional|Agosto - 2020
08|Comunicación|Nivel general y divisiones COICOP|369.5853|0.3|36.6|Nacional|Agosto - 2020
09|Recreación y cultura|Nivel general y divisiones COICOP|335.0449|3.3|48.8|Nacional|Agosto - 2020
10|Educación|Nivel general y divisiones COICOP|304.0824|0.8|30|Nacional|Agosto - 2020
11|Restaurantes y hoteles|Nivel general y divisiones COICOP|306.2356|1.9|38.2|Nacional|Agosto - 2020
04|Vivienda, agua, electricidad, gas y otros combustibles|Nivel general y divisiones COICOP|343.9618|1.5|15|Nacional|Septiembre - 2020
06|Salud|Nivel general y divisiones COICOP|377.8509|3.5|34.4|Nacional|Septiembre - 2020
07|Transporte|Nivel general y divisiones COICOP|357.1236|3.6|34.7|Nacional|Septiembre - 2020
08|Comunicación|Nivel general y divisiones COICOP|370.0946|0.1|28.2|Nacional|Septiembre - 2020
09|Recreación y cultura|Nivel general y divisiones COICOP|341.3154|1.9|40.9|Nacional|Septiembre - 2020
10|Educación|Nivel general y divisiones COICOP|304.9813|0.3|29.1|Nacional|Septiembre - 2020
11|Restaurantes y hoteles|Nivel general y divisiones COICOP|311.5692|1.7|33.6|Nacional|Septiembre - 2020
04|Vivienda, agua, electricidad, gas y otros combustibles|Nivel general y divisiones COICOP|351.9646|2.3|15.5|Nacional|Octubre - 2020
06|Salud|Nivel general y divisiones COICOP|389.5109|3.1|32.4|Nacional|Octubre - 2020
07|Transporte|Nivel general y divisiones COICOP|371.9913|4.2|35.6|Nacional|Octubre - 2020
08|Comunicación|Nivel general y divisiones COICOP|369.6031|-0.1|27.4|Nacional|Octubre - 2020
09|Recreación y cultura|Nivel general y divisiones COICOP|350.1056|2.6|41.7|Nacional|Octubre - 2020
10|Educación|Nivel general y divisiones COICOP|305.3871|0.1|27.2|Nacional|Octubre - 2020
11|Restaurantes y hoteles|Nivel general y divisiones COICOP|322.1058|3.4|34.7|Nacional|Octubre - 2020
04|Vivienda, agua, electricidad, gas y otros combustibles|Nivel general y divisiones COICOP|360.8388|2.5|16.6|Nacional|Noviembre - 2020
06|Salud|Nivel general y divisiones COICOP|403.8029|3.7|29.1|Nacional|Noviembre - 2020
07|Transporte|Nivel general y divisiones COICOP|385.4469|3.6|34.3|Nacional|Noviembre - 2020
08|Comunicación|Nivel general y divisiones COICOP|367.4745|-0.6|17.9|Nacional|Noviembre - 2020
09|Recreación y cultura|Nivel general y divisiones COICOP|367.9236|5.1|44.1|Nacional|Noviembre - 2020
10|Educación|Nivel general y divisiones COICOP|306.746|0.4|22.4|Nacional|Noviembre - 2020
11|Restaurantes y hoteles|Nivel general y divisiones COICOP|332.4733|3.2|34.6|Nacional|Noviembre - 2020
04|Vivienda, agua, electricidad, gas y otros combustibles|Nivel general y divisiones COICOP|371.5185|3|17.6|Nacional|Diciembre - 2020
06|Salud|Nivel general y divisiones COICOP|424.9668|5.2|28.7|Nacional|Diciembre - 2020
07|Transporte|Nivel general y divisiones COICOP|404.314|4.9|34.2|Nacional|Diciembre - 2020
08|Comunicación|Nivel general y divisiones COICOP|367.3696|0|7.6|Nacional|Diciembre - 2020
09|Recreación y cultura|Nivel general y divisiones COICOP|387.0686|5.2|48|Nacional|Diciembre - 2020
10|Educación|Nivel general y divisiones COICOP|306.8977|0|20.1|Nacional|Diciembre - 2020
11|Restaurantes y hoteles|Nivel general y divisiones COICOP|347.7424|4.6|36.3|Nacional|Diciembre - 2020
04|Vivienda, agua, electricidad, gas y otros combustibles|Nivel general y divisiones COICOP|375.7501|1.1|18.1|Nacional|Enero - 2021
06|Salud|Nivel general y divisiones COICOP|439.3776|3.4|35.7|Nacional|Enero - 2021
07|Transporte|Nivel general y divisiones COICOP|422.9057|4.6|38.4|Nacional|Enero - 2021
08|Comunicación|Nivel general y divisiones COICOP|422.9513|15.1|23.7|Nacional|Enero - 2021
09|Recreación y cultura|Nivel general y divisiones COICOP|405.7084|4.8|47.8|Nacional|Enero - 2021
10|Educación|Nivel general y divisiones COICOP|308.6755|0.6|20.1|Nacional|Enero - 2021
11|Restaurantes y hoteles|Nivel general y divisiones COICOP|366.4717|5.4|37.9|Nacional|Enero - 2021
04|Vivienda, agua, electricidad, gas y otros combustibles|Nivel general y divisiones COICOP|383.4268|2|19.8|Nacional|Febrero - 2021
06|Salud|Nivel general y divisiones COICOP|454.7265|3.5|39.8|Nacional|Febrero - 2021
07|Transporte|Nivel general y divisiones COICOP|443.3079|4.8|42.7|Nacional|Febrero - 2021
08|Comunicación|Nivel general y divisiones COICOP|430.6911|1.8|23.1|Nacional|Febrero - 2021
09|Recreación y cultura|Nivel general y divisiones COICOP|415.0224|2.3|47.9|Nacional|Febrero - 2021
10|Educación|Nivel general y divisiones COICOP|309.01|0.1|18.6|Nacional|Febrero - 2021
11|Restaurantes y hoteles|Nivel general y divisiones COICOP|386.2568|5.4|41|Nacional|Febrero - 2021
04|Vivienda, agua, electricidad, gas y otros combustibles|Nivel general y divisiones COICOP|388.4775|1.3|19.8|Nacional|Marzo - 2021
06|Salud|Nivel general y divisiones COICOP|472.856|4|41.7|Nacional|Marzo - 2021
07|Transporte|Nivel general y divisiones COICOP|461.8773|4.2|46.3|Nacional|Marzo - 2021
08|Comunicación|Nivel general y divisiones COICOP|430.982|0.1|13.8|Nacional|Marzo - 2021
09|Recreación y cultura|Nivel general y divisiones COICOP|437.1879|5.3|52|Nacional|Marzo - 2021
10|Educación|Nivel general y divisiones COICOP|397.0482|28.5|29.7|Nacional|Marzo - 2021
11|Restaurantes y hoteles|Nivel general y divisiones COICOP|398.4108|3.1|42.4|Nacional|Marzo - 2021
04|Vivienda, agua, electricidad, gas y otros combustibles|Nivel general y divisiones COICOP|401.9368|3.5|23.9|Nacional|Abril - 2021
06|Salud|Nivel general y divisiones COICOP|490.482|3.7|45.2|Nacional|Abril - 2021
07|Transporte|Nivel general y divisiones COICOP|487.9806|5.7|52.6|Nacional|Abril - 2021
08|Comunicación|Nivel general y divisiones COICOP|433.2713|0.5|19.3|Nacional|Abril - 2021
09|Recreación y cultura|Nivel general y divisiones COICOP|443.676|1.5|50.8|Nacional|Abril - 2021
10|Educación|Nivel general y divisiones COICOP|406.8828|2.5|34.9|Nacional|Abril - 2021
11|Restaurantes y hoteles|Nivel general y divisiones COICOP|413.8512|3.9|45.7|Nacional|Abril - 2021
04|Vivienda, agua, electricidad, gas y otros combustibles|Nivel general y divisiones COICOP|410.1034|2|26.3|Nacional|Mayo - 2021
06|Salud|Nivel general y divisiones COICOP|513.7918|4.8|50.5|Nacional|Mayo - 2021
07|Transporte|Nivel general y divisiones COICOP|517.0463|6|60|Nacional|Mayo - 2021
08|Comunicación|Nivel general y divisiones COICOP|437.5563|1|20.1|Nacional|Mayo - 2021
09|Recreación y cultura|Nivel general y divisiones COICOP|457.4624|3.1|51.8|Nacional|Mayo - 2021
10|Educación|Nivel general y divisiones COICOP|416.1535|2.3|38.6|Nacional|Mayo - 2021
11|Restaurantes y hoteles|Nivel general y divisiones COICOP|429.2946|3.7|48.8|Nacional|Mayo - 2021
04|Vivienda, agua, electricidad, gas y otros combustibles|Nivel general y divisiones COICOP|420.2876|2.5|28.2|Nacional|Junio - 2021
06|Salud|Nivel general y divisiones COICOP|530.2766|3.2|52|Nacional|Junio - 2021
07|Transporte|Nivel general y divisiones COICOP|533.8777|3.3|62.2|Nacional|Junio - 2021
08|Comunicación|Nivel general y divisiones COICOP|468.3691|7|28|Nacional|Junio - 2021
09|Recreación y cultura|Nivel general y divisiones COICOP|467.7135|2.2|49|Nacional|Junio - 2021
10|Educación|Nivel general y divisiones COICOP|420.9305|1.1|39.6|Nacional|Junio - 2021
11|Restaurantes y hoteles|Nivel general y divisiones COICOP|442.6958|3.1|50.1|Nacional|Junio - 2021
04|Vivienda, agua, electricidad, gas y otros combustibles|Nivel general y divisiones COICOP|432.405|2.9|30.6|Nacional|Julio - 2021
06|Salud|Nivel general y divisiones COICOP|550.5464|3.8|54.4|Nacional|Julio - 2021
07|Transporte|Nivel general y divisiones COICOP|546.1141|2.3|62.9|Nacional|Julio - 2021
08|Comunicación|Nivel general y divisiones COICOP|470.0952|0.4|27.6|Nacional|Julio - 2021
09|Recreación y cultura|Nivel general y divisiones COICOP|482.1844|3.1|48.7|Nacional|Julio - 2021
10|Educación|Nivel general y divisiones COICOP|431.6135|2.5|43|Nacional|Julio - 2021
11|Restaurantes y hoteles|Nivel general y divisiones COICOP|463.7774|4.8|54.3|Nacional|Julio - 2021
04|Vivienda, agua, electricidad, gas y otros combustibles|Nivel general y divisiones COICOP|437.3723|1.1|29.1|Nacional|Agosto - 2021
06|Salud|Nivel general y divisiones COICOP|573.6501|4.2|57.1|Nacional|Agosto - 2021
07|Transporte|Nivel general y divisiones COICOP|559.4713|2.4|62.3|Nacional|Agosto - 2021
08|Comunicación|Nivel general y divisiones COICOP|467.3059|-0.6|26.4|Nacional|Agosto - 2021
09|Recreación y cultura|Nivel general y divisiones COICOP|500.0179|3.7|49.2|Nacional|Agosto - 2021
10|Educación|Nivel general y divisiones COICOP|449.9|4.2|48|Nacional|Agosto - 2021
11|Restaurantes y hoteles|Nivel general y divisiones COICOP|477.4438|2.9|55.9|Nacional|Agosto - 2021
04|Vivienda, agua, electricidad, gas y otros combustibles|Nivel general y divisiones COICOP|445.7672|1.9|29.6|Nacional|Septiembre - 2021
06|Salud|Nivel general y divisiones COICOP|598.3555|4.3|58.4|Nacional|Septiembre - 2021
07|Transporte|Nivel general y divisiones COICOP|576.4905|3|61.4|Nacional|Septiembre - 2021
08|Comunicación|Nivel general y divisiones COICOP|480.2655|2.8|29.8|Nacional|Septiembre - 2021
09|Recreación y cultura|Nivel general y divisiones COICOP|518.8505|3.8|52|Nacional|Septiembre - 2021
10|Educación|Nivel general y divisiones COICOP|463.9288|3.1|52.1|Nacional|Septiembre - 2021
11|Restaurantes y hoteles|Nivel general y divisiones COICOP|496.8871|4.1|59.5|Nacional|Septiembre - 2021
04|Vivienda, agua, electricidad, gas y otros combustibles|Nivel general y divisiones COICOP|456.979|2.5|29.8|Nacional|Octubre - 2021
06|Salud|Nivel general y divisiones COICOP|626.6749|4.7|60.9|Nacional|Octubre - 2021
07|Transporte|Nivel general y divisiones COICOP|594.2962|3.1|59.8|Nacional|Octubre - 2021
08|Comunicación|Nivel general y divisiones COICOP|485.73|1.1|31.4|Nacional|Octubre - 2021
09|Recreación y cultura|Nivel general y divisiones COICOP|539.5742|4|54.1|Nacional|Octubre - 2021
10|Educación|Nivel general y divisiones COICOP|470.3893|1.4|54|Nacional|Octubre - 2021
11|Restaurantes y hoteles|Nivel general y divisiones COICOP|517.4057|4.1|60.6|Nacional|Octubre - 2021
04|Vivienda, agua, electricidad, gas y otros combustibles|Nivel general y divisiones COICOP|466.9551|2.2|29.4|Nacional|Noviembre - 2021
06|Salud|Nivel general y divisiones COICOP|641.9374|2.4|59|Nacional|Noviembre - 2021
07|Transporte|Nivel general y divisiones COICOP|607.3504|2.2|57.6|Nacional|Noviembre - 2021
08|Comunicación|Nivel general y divisiones COICOP|489.7423|0.8|33.3|Nacional|Noviembre - 2021
09|Recreación y cultura|Nivel general y divisiones COICOP|547.4789|1.5|48.8|Nacional|Noviembre - 2021
10|Educación|Nivel general y divisiones COICOP|474.3662|0.8|54.6|Nacional|Noviembre - 2021
11|Restaurantes y hoteles|Nivel general y divisiones COICOP|543.1712|5|63.4|Nacional|Noviembre - 2021
04|Vivienda, agua, electricidad, gas y otros combustibles|Nivel general y divisiones COICOP|476.8025|2.1|28.3|Nacional|Diciembre - 2021
06|Salud|Nivel general y divisiones COICOP|645.1434|0.5|51.8|Nacional|Diciembre - 2021
07|Transporte|Nivel general y divisiones COICOP|637.3158|4.9|57.6|Nacional|Diciembre - 2021
08|Comunicación|Nivel general y divisiones COICOP|498.8013|1.8|35.8|Nacional|Diciembre - 2021
09|Recreación y cultura|Nivel general y divisiones COICOP|569.1202|4|47|Nacional|Diciembre - 2021
10|Educación|Nivel general y divisiones COICOP|479.1164|1|56.1|Nacional|Diciembre - 2021
11|Restaurantes y hoteles|Nivel general y divisiones COICOP|575.1289|5.9|65.4|Nacional|Diciembre - 2021
04|Vivienda, agua, electricidad, gas y otros combustibles|Nivel general y divisiones COICOP|485.193|1.8|29.1|Nacional|Enero - 2022
06|Salud|Nivel general y divisiones COICOP|671.6729|4.1|52.9|Nacional|Enero - 2022
07|Transporte|Nivel general y divisiones COICOP|654.8718|2.8|54.9|Nacional|Enero - 2022
08|Comunicación|Nivel general y divisiones COICOP|536.1267|7.5|26.8|Nacional|Enero - 2022
09|Recreación y cultura|Nivel general y divisiones COICOP|593.0751|4.2|46.2|Nacional|Enero - 2022
10|Educación|Nivel general y divisiones COICOP|482.7713|0.8|56.4|Nacional|Enero - 2022
11|Restaurantes y hoteles|Nivel general y divisiones COICOP|607.7867|5.7|65.8|Nacional|Enero - 2022
04|Vivienda, agua, electricidad, gas y otros combustibles|Nivel general y divisiones COICOP|498.9476|2.8|30.1|Nacional|Febrero - 2022
06|Salud|Nivel general y divisiones COICOP|696.1161|3.6|53.1|Nacional|Febrero - 2022
07|Transporte|Nivel general y divisiones COICOP|687.1919|4.9|55|Nacional|Febrero - 2022
08|Comunicación|Nivel general y divisiones COICOP|544.0338|1.5|26.3|Nacional|Febrero - 2022
09|Recreación y cultura|Nivel general y divisiones COICOP|606.6697|2.3|46.2|Nacional|Febrero - 2022
10|Educación|Nivel general y divisiones COICOP|495.5553|2.6|60.4|Nacional|Febrero - 2022
11|Restaurantes y hoteles|Nivel general y divisiones COICOP|634.0233|4.3|64.1|Nacional|Febrero - 2022
04|Vivienda, agua, electricidad, gas y otros combustibles|Nivel general y divisiones COICOP|537.1626|7.7|38.3|Nacional|Marzo - 2022
06|Salud|Nivel general y divisiones COICOP|730.5922|5|54.5|Nacional|Marzo - 2022
07|Transporte|Nivel general y divisiones COICOP|724.8465|5.5|56.9|Nacional|Marzo - 2022
08|Comunicación|Nivel general y divisiones COICOP|562.7616|3.4|30.6|Nacional|Marzo - 2022
09|Recreación y cultura|Nivel general y divisiones COICOP|626.8734|3.3|43.4|Nacional|Marzo - 2022
10|Educación|Nivel general y divisiones COICOP|612.6821|23.6|54.3|Nacional|Marzo - 2022
11|Restaurantes y hoteles|Nivel general y divisiones COICOP|668.4613|5.4|67.8|Nacional|Marzo - 2022
04|Vivienda, agua, electricidad, gas y otros combustibles|Nivel general y divisiones COICOP|561.7478|4.6|39.8|Nacional|Abril - 2022
06|Salud|Nivel general y divisiones COICOP|777.2991|6.4|58.5|Nacional|Abril - 2022
07|Transporte|Nivel general y divisiones COICOP|763.5071|5.3|56.5|Nacional|Abril - 2022
08|Comunicación|Nivel general y divisiones COICOP|583.3455|3.7|34.6|Nacional|Abril - 2022
09|Recreación y cultura|Nivel general y divisiones COICOP|659.6448|5.2|48.7|Nacional|Abril - 2022
10|Educación|Nivel general y divisiones COICOP|635.5003|3.7|56.2|Nacional|Abril - 2022
11|Restaurantes y hoteles|Nivel general y divisiones COICOP|717.5668|7.3|73.4|Nacional|Abril - 2022
04|Vivienda, agua, electricidad, gas y otros combustibles|Nivel general y divisiones COICOP|581.7106|3.6|41.8|Nacional|Mayo - 2022
06|Salud|Nivel general y divisiones COICOP|825.5739|6.2|60.7|Nacional|Mayo - 2022
07|Transporte|Nivel general y divisiones COICOP|810.22|6.1|56.7|Nacional|Mayo - 2022
08|Comunicación|Nivel general y divisiones COICOP|601.2442|3.1|37.4|Nacional|Mayo - 2022
09|Recreación y cultura|Nivel general y divisiones COICOP|693.9163|5.2|51.7|Nacional|Mayo - 2022
10|Educación|Nivel general y divisiones COICOP|656.1411|3.2|57.7|Nacional|Mayo - 2022
11|Restaurantes y hoteles|Nivel general y divisiones COICOP|758.3527|5.7|76.7|Nacional|Mayo - 2022
04|Vivienda, agua, electricidad, gas y otros combustibles|Nivel general y divisiones COICOP|621.3286|6.8|47.8|Nacional|Junio - 2022
06|Salud|Nivel general y divisiones COICOP|886.798|7.4|67.2|Nacional|Junio - 2022
07|Transporte|Nivel general y divisiones COICOP|848.636|4.7|59|Nacional|Junio - 2022
08|Comunicación|Nivel general y divisiones COICOP|603.5522|0.4|28.9|Nacional|Junio - 2022
09|Recreación y cultura|Nivel general y divisiones COICOP|724.0064|4.3|54.8|Nacional|Junio - 2022
10|Educación|Nivel general y divisiones COICOP|669.445|2|59|Nacional|Junio - 2022
11|Restaurantes y hoteles|Nivel general y divisiones COICOP|805.4594|6.2|81.9|Nacional|Junio - 2022
04|Vivienda, agua, electricidad, gas y otros combustibles|Nivel general y divisiones COICOP|649.6896|4.6|50.3|Nacional|Julio - 2022
06|Salud|Nivel general y divisiones COICOP|947.493|6.8|72.1|Nacional|Julio - 2022
07|Transporte|Nivel general y divisiones COICOP|895.3078|5.5|63.9|Nacional|Julio - 2022
08|Comunicación|Nivel general y divisiones COICOP|636.8292|5.5|35.5|Nacional|Julio - 2022
09|Recreación y cultura|Nivel general y divisiones COICOP|819.4993|13.2|70|Nacional|Julio - 2022
10|Educación|Nivel general y divisiones COICOP|710.2816|6.1|64.6|Nacional|Julio - 2022
11|Restaurantes y hoteles|Nivel general y divisiones COICOP|884.0683|9.8|90.6|Nacional|Julio - 2022
04|Vivienda, agua, electricidad, gas y otros combustibles|Nivel general y divisiones COICOP|685.6993|5.5|56.8|Nacional|Agosto - 2022
06|Salud|Nivel general y divisiones COICOP|1001.738|5.7|74.6|Nacional|Agosto - 2022
07|Transporte|Nivel general y divisiones COICOP|956.4746|6.8|71|Nacional|Agosto - 2022
08|Comunicación|Nivel general y divisiones COICOP|662.6492|4.1|41.8|Nacional|Agosto - 2022
09|Recreación y cultura|Nivel general y divisiones COICOP|860.7132|5|72.1|Nacional|Agosto - 2022
10|Educación|Nivel general y divisiones COICOP|745.7268|5|65.8|Nacional|Agosto - 2022
11|Restaurantes y hoteles|Nivel general y divisiones COICOP|942.9087|6.7|97.5|Nacional|Agosto - 2022
04|Vivienda, agua, electricidad, gas y otros combustibles|Nivel general y divisiones COICOP|706.9826|3.1|58.6|Nacional|Septiembre - 2022
06|Salud|Nivel general y divisiones COICOP|1045.0789|4.3|74.7|Nacional|Septiembre - 2022
07|Transporte|Nivel general y divisiones COICOP|1012.0676|5.8|75.6|Nacional|Septiembre - 2022
08|Comunicación|Nivel general y divisiones COICOP|678.9797|2.5|41.4|Nacional|Septiembre - 2022
09|Recreación y cultura|Nivel general y divisiones COICOP|905.8061|5.2|74.6|Nacional|Septiembre - 2022
10|Educación|Nivel general y divisiones COICOP|772.9974|3.7|66.6|Nacional|Septiembre - 2022
11|Restaurantes y hoteles|Nivel general y divisiones COICOP|988.6307|4.8|99|Nacional|Septiembre - 2022
04|Vivienda, agua, electricidad, gas y otros combustibles|Nivel general y divisiones COICOP|759.7711|7.5|66.3|Nacional|Octubre - 2022
06|Salud|Nivel general y divisiones COICOP|1119.4447|7.1|78.6|Nacional|Octubre - 2022
07|Transporte|Nivel general y divisiones COICOP|1057.3307|4.5|77.9|Nacional|Octubre - 2022
08|Comunicación|Nivel general y divisiones COICOP|761.29|12.1|56.7|Nacional|Octubre - 2022
09|Recreación y cultura|Nivel general y divisiones COICOP|956.8276|5.6|77.3|Nacional|Octubre - 2022
10|Educación|Nivel general y divisiones COICOP|827.9004|7.1|76|Nacional|Octubre - 2022
11|Restaurantes y hoteles|Nivel general y divisiones COICOP|1061.9488|7.4|105.2|Nacional|Octubre - 2022
04|Vivienda, agua, electricidad, gas y otros combustibles|Nivel general y divisiones COICOP|825.5091|8.7|76.8|Nacional|Noviembre - 2022
06|Salud|Nivel general y divisiones COICOP|1165.2705|4.1|81.5|Nacional|Noviembre - 2022
07|Transporte|Nivel general y divisiones COICOP|1121.731|6.1|84.7|Nacional|Noviembre - 2022
08|Comunicación|Nivel general y divisiones COICOP|809.6802|6.4|65.3|Nacional|Noviembre - 2022
09|Recreación y cultura|Nivel general y divisiones COICOP|996.7277|4.2|82.1|Nacional|Noviembre - 2022
10|Educación|Nivel general y divisiones COICOP|859.0553|3.8|81.1|Nacional|Noviembre - 2022
11|Restaurantes y hoteles|Nivel general y divisiones COICOP|1120.5659|5.5|106.3|Nacional|Noviembre - 2022
04|Vivienda, agua, electricidad, gas y otros combustibles|Nivel general y divisiones COICOP|860.1091|4.2|80.4|Nacional|Diciembre - 2022
06|Salud|Nivel general y divisiones COICOP|1231.4648|5.7|90.9|Nacional|Diciembre - 2022
07|Transporte|Nivel general y divisiones COICOP|1186.6265|5.8|86.2|Nacional|Diciembre - 2022
08|Comunicación|Nivel general y divisiones COICOP|837.1999|3.4|67.8|Nacional|Diciembre - 2022
09|Recreación y cultura|Nivel general y divisiones COICOP|1042.694|4.6|83.2|Nacional|Diciembre - 2022
10|Educación|Nivel general y divisiones COICOP|892.6222|3.9|86.3|Nacional|Diciembre - 2022
11|Restaurantes y hoteles|Nivel general y divisiones COICOP|1200.8127|7.2|108.8|Nacional|Diciembre - 2022
04|Vivienda, agua, electricidad, gas y otros combustibles|Nivel general y divisiones COICOP|929.1621|8|91.5|Nacional|Enero - 2023
06|Salud|Nivel general y divisiones COICOP|1291.7546|4.9|92.3|Nacional|Enero - 2023
07|Transporte|Nivel general y divisiones COICOP|1257.1122|5.9|92|Nacional|Enero - 2023
08|Comunicación|Nivel general y divisiones COICOP|903.9001|8|68.6|Nacional|Enero - 2023
09|Recreación y cultura|Nivel general y divisiones COICOP|1136.1135|9|91.6|Nacional|Enero - 2023
10|Educación|Nivel general y divisiones COICOP|902.0686|1.1|86.9|Nacional|Enero - 2023
11|Restaurantes y hoteles|Nivel general y divisiones COICOP|1275.6081|6.2|109.9|Nacional|Enero - 2023
04|Vivienda, agua, electricidad, gas y otros combustibles|Nivel general y divisiones COICOP|973.7901|4.8|95.2|Nacional|Febrero - 2023
06|Salud|Nivel general y divisiones COICOP|1360.5006|5.3|95.4|Nacional|Febrero - 2023
07|Transporte|Nivel general y divisiones COICOP|1318.1813|4.9|91.8|Nacional|Febrero - 2023
08|Comunicación|Nivel general y divisiones COICOP|974.8005|7.8|79.2|Nacional|Febrero - 2023
09|Recreación y cultura|Nivel general y divisiones COICOP|1205.9377|6.1|98.8|Nacional|Febrero - 2023
10|Educación|Nivel general y divisiones COICOP|930.4868|3.2|87.8|Nacional|Febrero - 2023
11|Restaurantes y hoteles|Nivel general y divisiones COICOP|1371.9038|7.5|116.4|Nacional|Febrero - 2023
04|Vivienda, agua, electricidad, gas y otros combustibles|Nivel general y divisiones COICOP|1037.2344|6.5|93.1|Nacional|Marzo - 2023
06|Salud|Nivel general y divisiones COICOP|1438.3163|5.7|96.9|Nacional|Marzo - 2023
07|Transporte|Nivel general y divisiones COICOP|1388.1661|5.3|91.5|Nacional|Marzo - 2023
08|Comunicación|Nivel general y divisiones COICOP|993.4553|1.9|76.5|Nacional|Marzo - 2023
09|Recreación y cultura|Nivel general y divisiones COICOP|1258.7738|4.4|100.8|Nacional|Marzo - 2023
10|Educación|Nivel general y divisiones COICOP|1201.1258|29.1|96|Nacional|Marzo - 2023
11|Restaurantes y hoteles|Nivel general y divisiones COICOP|1479.9582|7.9|121.4|Nacional|Marzo - 2023
04|Vivienda, agua, electricidad, gas y otros combustibles|Nivel general y divisiones COICOP|1095.5146|5.6|95|Nacional|Abril - 2023
06|Salud|Nivel general y divisiones COICOP|1532.9719|6.6|97.2|Nacional|Abril - 2023
07|Transporte|Nivel general y divisiones COICOP|1477.7098|6.5|93.5|Nacional|Abril - 2023
08|Comunicación|Nivel general y divisiones COICOP|1055.7168|6.3|81|Nacional|Abril - 2023
09|Recreación y cultura|Nivel general y divisiones COICOP|1353.7339|7.5|105.2|Nacional|Abril - 2023
10|Educación|Nivel general y divisiones COICOP|1261.5273|5|98.5|Nacional|Abril - 2023
11|Restaurantes y hoteles|Nivel general y divisiones COICOP|1626.3026|9.9|126.6|Nacional|Abril - 2023
04|Vivienda, agua, electricidad, gas y otros combustibles|Nivel general y divisiones COICOP|1225.368|11.9|110.6|Nacional|Mayo - 2023
06|Salud|Nivel general y divisiones COICOP|1671.6594|9|102.5|Nacional|Mayo - 2023
07|Transporte|Nivel general y divisiones COICOP|1597.93|8.1|97.2|Nacional|Mayo - 2023
08|Comunicación|Nivel general y divisiones COICOP|1126.7574|6.7|87.4|Nacional|Mayo - 2023
09|Recreación y cultura|Nivel general y divisiones COICOP|1466.9417|8.4|111.4|Nacional|Mayo - 2023
10|Educación|Nivel general y divisiones COICOP|1323.5067|4.9|101.7|Nacional|Mayo - 2023
11|Restaurantes y hoteles|Nivel general y divisiones COICOP|1778.1049|9.3|134.5|Nacional|Mayo - 2023
04|Vivienda, agua, electricidad, gas y otros combustibles|Nivel general y divisiones COICOP|1324.556|8.1|113.2|Nacional|Junio - 2023
06|Salud|Nivel general y divisiones COICOP|1815.4471|8.6|104.7|Nacional|Junio - 2023
07|Transporte|Nivel general y divisiones COICOP|1701.7574|6.5|100.5|Nacional|Junio - 2023
08|Comunicación|Nivel general y divisiones COICOP|1244.8|10.5|106.2|Nacional|Junio - 2023
09|Recreación y cultura|Nivel general y divisiones COICOP|1561.7425|6.5|115.7|Nacional|Junio - 2023
10|Educación|Nivel general y divisiones COICOP|1410.4778|6.6|110.7|Nacional|Junio - 2023
11|Restaurantes y hoteles|Nivel general y divisiones COICOP|1890.0322|6.3|134.7|Nacional|Junio - 2023
04|Vivienda, agua, electricidad, gas y otros combustibles|Nivel general y divisiones COICOP|1377.3341|4|112|Nacional|Julio - 2023
06|Salud|Nivel general y divisiones COICOP|1979.4087|9|108.9|Nacional|Julio - 2023
07|Transporte|Nivel general y divisiones COICOP|1791.7559|5.3|100.1|Nacional|Julio - 2023
08|Comunicación|Nivel general y divisiones COICOP|1396.2642|12.2|119.3|Nacional|Julio - 2023
09|Recreación y cultura|Nivel general y divisiones COICOP|1736.5158|11.2|111.9|Nacional|Julio - 2023
10|Educación|Nivel general y divisiones COICOP|1496.9625|6.1|110.8|Nacional|Julio - 2023
11|Restaurantes y hoteles|Nivel general y divisiones COICOP|2030.866|7.5|129.7|Nacional|Julio - 2023
04|Vivienda, agua, electricidad, gas y otros combustibles|Nivel general y divisiones COICOP|1503.1732|9.1|119.2|Nacional|Agosto - 2023
06|Salud|Nivel general y divisiones COICOP|2281.5545|15.3|127.8|Nacional|Agosto - 2023
07|Transporte|Nivel general y divisiones COICOP|1979.0901|10.5|106.9|Nacional|Agosto - 2023
08|Comunicación|Nivel general y divisiones COICOP|1458.9608|4.5|120.2|Nacional|Agosto - 2023
09|Recreación y cultura|Nivel general y divisiones COICOP|1937.7153|11.6|125.1|Nacional|Agosto - 2023
10|Educación|Nivel general y divisiones COICOP|1626.7843|8.7|118.1|Nacional|Agosto - 2023
11|Restaurantes y hoteles|Nivel general y divisiones COICOP|2283.6173|12.4|142.2|Nacional|Agosto - 2023
04|Vivienda, agua, electricidad, gas y otros combustibles|Nivel general y divisiones COICOP|1630.2974|8.5|130.6|Nacional|Septiembre - 2023
06|Salud|Nivel general y divisiones COICOP|2499.2627|9.5|139.1|Nacional|Septiembre - 2023
07|Transporte|Nivel general y divisiones COICOP|2193.7362|10.8|116.8|Nacional|Septiembre - 2023
08|Comunicación|Nivel general y divisiones COICOP|1598.7345|9.6|135.5|Nacional|Septiembre - 2023
09|Recreación y cultura|Nivel general y divisiones COICOP|2230.9342|15.1|146.3|Nacional|Septiembre - 2023
10|Educación|Nivel general y divisiones COICOP|1759.2371|8.1|127.6|Nacional|Septiembre - 2023
11|Restaurantes y hoteles|Nivel general y divisiones COICOP|2586.0182|13.2|161.6|Nacional|Septiembre - 2023
04|Vivienda, agua, electricidad, gas y otros combustibles|Nivel general y divisiones COICOP|1757.5929|7.8|131.3|Nacional|Octubre - 2023
06|Salud|Nivel general y divisiones COICOP|2626.9102|5.1|134.7|Nacional|Octubre - 2023
07|Transporte|Nivel general y divisiones COICOP|2349.1266|7.1|122.2|Nacional|Octubre - 2023
08|Comunicación|Nivel general y divisiones COICOP|1800.8697|12.6|136.6|Nacional|Octubre - 2023
09|Recreación y cultura|Nivel general y divisiones COICOP|2438.4348|9.3|154.8|Nacional|Octubre - 2023
10|Educación|Nivel general y divisiones COICOP|1875.3143|6.6|126.5|Nacional|Octubre - 2023
11|Restaurantes y hoteles|Nivel general y divisiones COICOP|2813.2083|8.8|164.9|Nacional|Octubre - 2023
04|Vivienda, agua, electricidad, gas y otros combustibles|Nivel general y divisiones COICOP|1881.818|7.1|128|Nacional|Noviembre - 2023
06|Salud|Nivel general y divisiones COICOP|3043.8555|15.9|161.2|Nacional|Noviembre - 2023
07|Transporte|Nivel general y divisiones COICOP|2593.1752|10.4|131.2|Nacional|Noviembre - 2023
08|Comunicación|Nivel general y divisiones COICOP|2074.7351|15.2|156.2|Nacional|Noviembre - 2023
09|Recreación y cultura|Nivel general y divisiones COICOP|2760.0532|13.2|176.9|Nacional|Noviembre - 2023
10|Educación|Nivel general y divisiones COICOP|2031.1533|8.3|136.4|Nacional|Noviembre - 2023
11|Restaurantes y hoteles|Nivel general y divisiones COICOP|3151.623|12|181.3|Nacional|Noviembre - 2023
04|Vivienda, agua, electricidad, gas y otros combustibles|Nivel general y divisiones COICOP|2141.8205|13.8|149|Nacional|Diciembre - 2023
06|Salud|Nivel general y divisiones COICOP|4035.9697|32.6|227.7|Nacional|Diciembre - 2023
07|Transporte|Nivel general y divisiones COICOP|3414.0727|31.7|187.7|Nacional|Diciembre - 2023
08|Comunicación|Nivel general y divisiones COICOP|2398.1411|15.6|186.4|Nacional|Diciembre - 2023
09|Recreación y cultura|Nivel general y divisiones COICOP|3317.3409|20.2|218.2|Nacional|Diciembre - 2023
10|Educación|Nivel general y divisiones COICOP|2157.4419|6.2|141.7|Nacional|Diciembre - 2023
11|Restaurantes y hoteles|Nivel general y divisiones COICOP|3831.9303|21.6|219.1|Nacional|Diciembre - 2023
04|Vivienda, agua, electricidad, gas y otros combustibles|Nivel general y divisiones COICOP|2441.8481|14|162.8|Nacional|Enero - 2024
06|Salud|Nivel general y divisiones COICOP|4861.4923|20.5|276.3|Nacional|Enero - 2024
07|Transporte|Nivel general y divisiones COICOP|4311.5901|26.3|243|Nacional|Enero - 2024
08|Comunicación|Nivel general y divisiones COICOP|3000.0919|25.1|231.9|Nacional|Enero - 2024
09|Recreación y cultura|Nivel general y divisiones COICOP|4113.85|24|262.1|Nacional|Enero - 2024
10|Educación|Nivel general y divisiones COICOP|2176.0052|0.9|141.2|Nacional|Enero - 2024
11|Restaurantes y hoteles|Nivel general y divisiones COICOP|4577.1896|19.4|258.8|Nacional|Enero - 2024
04|Vivienda, agua, electricidad, gas y otros combustibles|Nivel general y divisiones COICOP|2935.5879|20.2|201.5|Nacional|Febrero - 2024
06|Salud|Nivel general y divisiones COICOP|5521.4252|13.6|305.8|Nacional|Febrero - 2024
07|Transporte|Nivel general y divisiones COICOP|5243.4233|21.6|297.8|Nacional|Febrero - 2024
08|Comunicación|Nivel general y divisiones COICOP|3741.4942|24.7|283.8|Nacional|Febrero - 2024
09|Recreación y cultura|Nivel general y divisiones COICOP|4466.7506|8.6|270.4|Nacional|Febrero - 2024
10|Educación|Nivel general y divisiones COICOP|2392.1354|9.9|157.1|Nacional|Febrero - 2024
11|Restaurantes y hoteles|Nivel general y divisiones COICOP|5088.0444|11.2|270.9|Nacional|Febrero - 2024
04|Vivienda, agua, electricidad, gas y otros combustibles|Nivel general y divisiones COICOP|3324.6647|13.3|220.5|Nacional|Marzo - 2024
06|Salud|Nivel general y divisiones COICOP|6195.645|12.2|330.8|Nacional|Marzo - 2024
07|Transporte|Nivel general y divisiones COICOP|5923.314|13|326.7|Nacional|Marzo - 2024
08|Comunicación|Nivel general y divisiones COICOP|4338.061|15.9|336.7|Nacional|Marzo - 2024
09|Recreación y cultura|Nivel general y divisiones COICOP|4846.745|8.5|285|Nacional|Marzo - 2024
10|Educación|Nivel general y divisiones COICOP|3653.036|52.7|204.1|Nacional|Marzo - 2024
11|Restaurantes y hoteles|Nivel general y divisiones COICOP|5511.014|8.3|272.4|Nacional|Marzo - 2024
04|Vivienda, agua, electricidad, gas y otros combustibles|Nivel general y divisiones COICOP|4509.365|35.6|311.6|Nacional|Abril - 2024
06|Salud|Nivel general y divisiones COICOP|6761.482|9.1|341.1|Nacional|Abril - 2024
07|Transporte|Nivel general y divisiones COICOP|6293.903|6.3|325.9|Nacional|Abril - 2024
08|Comunicación|Nivel general y divisiones COICOP|4952.69|14.2|369.1|Nacional|Abril - 2024
09|Recreación y cultura|Nivel general y divisiones COICOP|5192.9|7.1|283.6|Nacional|Abril - 2024
10|Educación|Nivel general y divisiones COICOP|3966.882|8.6|214.5|Nacional|Abril - 2024
11|Restaurantes y hoteles|Nivel general y divisiones COICOP|5912.618|7.3|263.6|Nacional|Abril - 2024
04|Vivienda, agua, electricidad, gas y otros combustibles|Nivel general y divisiones COICOP|4623.355|2.5|277.3|Nacional|Mayo - 2024
06|Salud|Nivel general y divisiones COICOP|6807.876|0.7|307.3|Nacional|Mayo - 2024
07|Transporte|Nivel general y divisiones COICOP|6544.312|4|309.5|Nacional|Mayo - 2024
08|Comunicación|Nivel general y divisiones COICOP|5359.459|8.2|375.7|Nacional|Mayo - 2024
09|Recreación y cultura|Nivel general y divisiones COICOP|5429.47|4.6|270.1|Nacional|Mayo - 2024
10|Educación|Nivel general y divisiones COICOP|4269.937|7.6|222.6|Nacional|Mayo - 2024
11|Restaurantes y hoteles|Nivel general y divisiones COICOP|6240.627|5.5|251|Nacional|Mayo - 2024
04|Vivienda, agua, electricidad, gas y otros combustibles|Nivel general y divisiones COICOP|5283.216|14.3|298.9|Nacional|Junio - 2024
06|Salud|Nivel general y divisiones COICOP|7130.927|4.7|292.8|Nacional|Junio - 2024
07|Transporte|Nivel general y divisiones COICOP|6801.489|3.9|299.7|Nacional|Junio - 2024
08|Comunicación|Nivel general y divisiones COICOP|5644.184|5.3|353.4|Nacional|Junio - 2024
09|Recreación y cultura|Nivel general y divisiones COICOP|5734.361|5.6|267.2|Nacional|Junio - 2024
10|Educación|Nivel general y divisiones COICOP|4514.858|5.7|220.1|Nacional|Junio - 2024
11|Restaurantes y hoteles|Nivel general y divisiones COICOP|6632.312|6.3|250.9|Nacional|Junio - 2024
04|Vivienda, agua, electricidad, gas y otros combustibles|Nivel general y divisiones COICOP|5600.499|6|306.6|Nacional|Julio - 2024
06|Salud|Nivel general y divisiones COICOP|7548.061|5.8|281.3|Nacional|Julio - 2024
07|Transporte|Nivel general y divisiones COICOP|6978.989|2.6|289.5|Nacional|Julio - 2024
08|Comunicación|Nivel general y divisiones COICOP|5844.002|3.5|318.5|Nacional|Julio - 2024
09|Recreación y cultura|Nivel general y divisiones COICOP|6059.306|5.7|248.9|Nacional|Julio - 2024
10|Educación|Nivel general y divisiones COICOP|4704.182|4.2|214.2|Nacional|Julio - 2024
11|Restaurantes y hoteles|Nivel general y divisiones COICOP|7061.205|6.5|247.7|Nacional|Julio - 2024
04|Vivienda, agua, electricidad, gas y otros combustibles|Nivel general y divisiones COICOP|5995.285|7|298.8|Nacional|Agosto - 2024
06|Salud|Nivel general y divisiones COICOP|7860.49|4.1|244.5|Nacional|Agosto - 2024
07|Transporte|Nivel general y divisiones COICOP|7334.992|5.1|270.6|Nacional|Agosto - 2024
08|Comunicación|Nivel general y divisiones COICOP|6127.597|4.9|320|Nacional|Agosto - 2024
09|Recreación y cultura|Nivel general y divisiones COICOP|6282.238|3.7|224.2|Nacional|Agosto - 2024
10|Educación|Nivel general y divisiones COICOP|5013.168|6.6|208.2|Nacional|Agosto - 2024
11|Restaurantes y hoteles|Nivel general y divisiones COICOP|7403.163|4.8|224.2|Nacional|Agosto - 2024
04|Vivienda, agua, electricidad, gas y otros combustibles|Nivel general y divisiones COICOP|6433.362|7.3|294.6|Nacional|Septiembre - 2024
06|Salud|Nivel general y divisiones COICOP|8122.617|3.3|225|Nacional|Septiembre - 2024
07|Transporte|Nivel general y divisiones COICOP|7585.411|3.4|245.8|Nacional|Septiembre - 2024
08|Comunicación|Nivel general y divisiones COICOP|6310.176|3|294.7|Nacional|Septiembre - 2024
09|Recreación y cultura|Nivel general y divisiones COICOP|6416.185|2.1|187.6|Nacional|Septiembre - 2024
10|Educación|Nivel general y divisiones COICOP|5229.269|4.3|197.2|Nacional|Septiembre - 2024
11|Restaurantes y hoteles|Nivel general y divisiones COICOP|7673.844|3.7|196.7|Nacional|Septiembre - 2024
04|Vivienda, agua, electricidad, gas y otros combustibles|Nivel general y divisiones COICOP|6780.41|5.4|285.8|Nacional|Octubre - 2024
06|Salud|Nivel general y divisiones COICOP|8412.039|3.6|220.2|Nacional|Octubre - 2024
07|Transporte|Nivel general y divisiones COICOP|7677.733|1.2|226.8|Nacional|Octubre - 2024
08|Comunicación|Nivel general y divisiones COICOP|6440.16|2.1|257.6|Nacional|Octubre - 2024
09|Recreación y cultura|Nivel general y divisiones COICOP|6599.944|2.9|170.7|Nacional|Octubre - 2024
10|Educación|Nivel general y divisiones COICOP|5409.782|3.5|188.5|Nacional|Octubre - 2024
11|Restaurantes y hoteles|Nivel general y divisiones COICOP|8000.798|4.3|184.4|Nacional|Octubre - 2024
04|Vivienda, agua, electricidad, gas y otros combustibles|Nivel general y divisiones COICOP|7083.03|4.5|276.4|Nacional|Noviembre - 2024
06|Salud|Nivel general y divisiones COICOP|8657.936|2.9|184.4|Nacional|Noviembre - 2024
07|Transporte|Nivel general y divisiones COICOP|7939.944|3.4|206.2|Nacional|Noviembre - 2024
08|Comunicación|Nivel general y divisiones COICOP|6539.238|1.5|215.2|Nacional|Noviembre - 2024
09|Recreación y cultura|Nivel general y divisiones COICOP|6798.731|3|146.3|Nacional|Noviembre - 2024
10|Educación|Nivel general y divisiones COICOP|5686.295|5.1|180|Nacional|Noviembre - 2024
11|Restaurantes y hoteles|Nivel general y divisiones COICOP|8290.103|3.6|163|Nacional|Noviembre - 2024
04|Vivienda, agua, electricidad, gas y otros combustibles|Nivel general y divisiones COICOP|7457.2259|5.3|248.2|Nacional|Diciembre - 2024
06|Salud|Nivel general y divisiones COICOP|8840.1889|2.1|119|Nacional|Diciembre - 2024
07|Transporte|Nivel general y divisiones COICOP|8118.1059|2.2|137.8|Nacional|Diciembre - 2024
08|Comunicación|Nivel general y divisiones COICOP|6869.1427|5|186.4|Nacional|Diciembre - 2024
09|Recreación y cultura|Nivel general y divisiones COICOP|6988.4998|2.8|110.7|Nacional|Diciembre - 2024
10|Educación|Nivel general y divisiones COICOP|5812.5191|2.2|169.4|Nacional|Diciembre - 2024
11|Restaurantes y hoteles|Nivel general y divisiones COICOP|8670.0443|4.6|126.3|Nacional|Diciembre - 2024
04|Vivienda, agua, electricidad, gas y otros combustibles|Nivel general y divisiones COICOP|7757.8158|4|217.7|Nacional|Enero - 2025
06|Salud|Nivel general y divisiones COICOP|9050.371|2.4|86.2|Nacional|Enero - 2025
07|Transporte|Nivel general y divisiones COICOP|8217.8419|1.2|90.6|Nacional|Enero - 2025
08|Comunicación|Nivel general y divisiones COICOP|7030.3817|2.3|134.3|Nacional|Enero - 2025
09|Recreación y cultura|Nivel general y divisiones COICOP|7160.6092|2.5|74.1|Nacional|Enero - 2025
10|Educación|Nivel general y divisiones COICOP|5844.2136|0.5|168.6|Nacional|Enero - 2025
11|Restaurantes y hoteles|Nivel general y divisiones COICOP|9132.8654|5.3|99.5|Nacional|Enero - 2025
04|Vivienda, agua, electricidad, gas y otros combustibles|Nivel general y divisiones COICOP|8048.663|3.7|174.2|Nacional|Febrero - 2025
06|Salud|Nivel general y divisiones COICOP|9236.2844|2.1|67.3|Nacional|Febrero - 2025
07|Transporte|Nivel general y divisiones COICOP|8359.8681|1.7|59.4|Nacional|Febrero - 2025
08|Comunicación|Nivel general y divisiones COICOP|7191.0294|2.3|92.2|Nacional|Febrero - 2025
09|Recreación y cultura|Nivel general y divisiones COICOP|7370.3538|2.9|65|Nacional|Febrero - 2025
10|Educación|Nivel general y divisiones COICOP|5980.8655|2.3|150|Nacional|Febrero - 2025
11|Restaurantes y hoteles|Nivel general y divisiones COICOP|9339.177|2.3|83.6|Nacional|Febrero - 2025
04|Vivienda, agua, electricidad, gas y otros combustibles|Nivel general y divisiones COICOP|8279.5282|2.9|149|Nacional|Marzo - 2025
06|Salud|Nivel general y divisiones COICOP|9406.4734|1.8|51.8|Nacional|Marzo - 2025
07|Transporte|Nivel general y divisiones COICOP|8502.5399|1.7|43.5|Nacional|Marzo - 2025
08|Comunicación|Nivel general y divisiones COICOP|7371.0947|2.5|69.9|Nacional|Marzo - 2025
09|Recreación y cultura|Nivel general y divisiones COICOP|7382.2025|0.2|52.3|Nacional|Marzo - 2025
10|Educación|Nivel general y divisiones COICOP|7275.3457|21.6|99.2|Nacional|Marzo - 2025
11|Restaurantes y hoteles|Nivel general y divisiones COICOP|9702.5819|3.9|76.1|Nacional|Marzo - 2025
04|Vivienda, agua, electricidad, gas y otros combustibles|Nivel general y divisiones COICOP|8435.1033|1.9|87.1|Nacional|Abril - 2025
06|Salud|Nivel general y divisiones COICOP|9641.606|2.5|42.6|Nacional|Abril - 2025
07|Transporte|Nivel general y divisiones COICOP|8644.5585|1.7|37.3|Nacional|Abril - 2025
08|Comunicación|Nivel general y divisiones COICOP|7577.0727|2.8|53|Nacional|Abril - 2025
09|Recreación y cultura|Nivel general y divisiones COICOP|7676.2045|4|47.8|Nacional|Abril - 2025
10|Educación|Nivel general y divisiones COICOP|7455.8399|2.5|88|Nacional|Abril - 2025
11|Restaurantes y hoteles|Nivel general y divisiones COICOP|10102.2226|4.1|70.9|Nacional|Abril - 2025
04|Vivienda, agua, electricidad, gas y otros combustibles|Nivel general y divisiones COICOP|8641.5515|2.4|86.9|Nacional|Mayo - 2025
06|Salud|Nivel general y divisiones COICOP|9905.8259|2.7|45.5|Nacional|Mayo - 2025
07|Transporte|Nivel general y divisiones COICOP|8676.0013|0.4|32.6|Nacional|Mayo - 2025
08|Comunicación|Nivel general y divisiones COICOP|7889.7331|4.1|47.2|Nacional|Mayo - 2025
09|Recreación y cultura|Nivel general y divisiones COICOP|7807.3673|1.7|43.8|Nacional|Mayo - 2025
10|Educación|Nivel general y divisiones COICOP|7595.3193|1.9|77.9|Nacional|Mayo - 2025
11|Restaurantes y hoteles|Nivel general y divisiones COICOP|10406.4718|3|66.8|Nacional|Mayo - 2025
04|Vivienda, agua, electricidad, gas y otros combustibles|Nivel general y divisiones COICOP|8939.0041|3.4|69.2|Nacional|Junio - 2025
06|Salud|Nivel general y divisiones COICOP|10119.3057|2.2|41.9|Nacional|Junio - 2025
07|Transporte|Nivel general y divisiones COICOP|8816.3323|1.6|29.6|Nacional|Junio - 2025
08|Comunicación|Nivel general y divisiones COICOP|8030.954|1.8|42.3|Nacional|Junio - 2025
09|Recreación y cultura|Nivel general y divisiones COICOP|8000.1427|2.5|39.5|Nacional|Junio - 2025
10|Educación|Nivel general y divisiones COICOP|7875.8853|3.7|74.4|Nacional|Junio - 2025
11|Restaurantes y hoteles|Nivel general y divisiones COICOP|10624.8993|2.1|60.2|Nacional|Junio - 2025
04|Vivienda, agua, electricidad, gas y otros combustibles|Nivel general y divisiones COICOP|9071.797|1.5|62|Nacional|Julio - 2025
06|Salud|Nivel general y divisiones COICOP|10234.5966|1.1|35.6|Nacional|Julio - 2025
07|Transporte|Nivel general y divisiones COICOP|9061.1273|2.8|29.8|Nacional|Julio - 2025
08|Comunicación|Nivel general y divisiones COICOP|8214.616|2.3|40.6|Nacional|Julio - 2025
09|Recreación y cultura|Nivel general y divisiones COICOP|8384.8501|4.8|38.4|Nacional|Julio - 2025
10|Educación|Nivel general y divisiones COICOP|8027.0607|1.9|70.6|Nacional|Julio - 2025
11|Restaurantes y hoteles|Nivel general y divisiones COICOP|10917.6195|2.8|54.6|Nacional|Julio - 2025
