01|Alimentos y bebidas no alcohólicas|Nivel general y divisiones COICOP|100|NA|NA|Nacional|Diciembre - 2016
02|Bebidas alcohólicas y tabaco|Nivel general y divisiones COICOP|100|NA|NA|Nacional|Diciembre - 2016
03|Prendas de vestir y calzado|Nivel general y divisiones COICOP|100|NA|NA|Nacional|Diciembre - 2016
05|Equipamiento y mantenimiento del hogar|Nivel general y divisiones COICOP|100|NA|NA|Nacional|Diciembre - 2016
12|Bienes y servicios varios|Nivel general y divisiones COICOP|100|NA|NA|Nacional|Diciembre - 2016
01|Alimentos y bebidas no alcohólicas|Nivel general y divisiones COICOP|101.3024|1.3|NA|Nacional|Enero - 2017
02|Bebidas alcohólicas y tabaco|Nivel general y divisiones COICOP|100.925|0.9|NA|Nacional|Enero - 2017
03|Prendas de vestir y calzado|Nivel general y divisiones COICOP|99.0066|-1|NA|Nacional|Enero - 2017
05|Equipamiento y mantenimiento del hogar|Nivel general y divisiones COICOP|100.8773|0.9|NA|Nacional|Enero - 2017
12|Bienes y servicios varios|Nivel general y divisiones COICOP|101.9345|1.9|NA|Nacional|Enero - 2017
01|Alimentos y bebidas no alcohólicas|Nivel general y divisiones COICOP|103.1605|1.8|NA|Nacional|Febrero - 2017
02|Bebidas alcohólicas y tabaco|Nivel general y divisiones COICOP|105.2395|4.3|NA|Nacional|Febrero - 2017
03|Prendas de vestir y calzado|Nivel general y divisiones COICOP|98.8523|-0.2|NA|Nacional|Febrero - 2017
05|Equipamiento y mantenimiento del hogar|Nivel general y divisiones COICOP|101.3278|0.4|NA|Nacional|Febrero - 2017
12|Bienes y servicios varios|Nivel general y divisiones COICOP|103.7951|1.8|NA|Nacional|Febrero - 2017
01|Alimentos y bebidas no alcohólicas|Nivel general y divisiones COICOP|106.0143|2.8|NA|Nacional|Marzo - 2017
02|Bebidas alcohólicas y tabaco|Nivel general y divisiones COICOP|107.2901|1.9|NA|Nacional|Marzo - 2017
03|Prendas de vestir y calzado|Nivel general y divisiones COICOP|102.255|3.4|NA|Nacional|Marzo - 2017
05|Equipamiento y mantenimiento del hogar|Nivel general y divisiones COICOP|102.1787|0.8|NA|Nacional|Marzo - 2017
12|Bienes y servicios varios|Nivel general y divisiones COICOP|105.6633|1.8|NA|Nacional|Marzo - 2017
01|Alimentos y bebidas no alcohólicas|Nivel general y divisiones COICOP|108.3515|2.2|NA|Nacional|Abril - 2017
02|Bebidas alcohólicas y tabaco|Nivel general y divisiones COICOP|109.8338|2.4|NA|Nacional|Abril - 2017
03|Prendas de vestir y calzado|Nivel general y divisiones COICOP|106.8806|4.5|NA|Nacional|Abril - 2017
05|Equipamiento y mantenimiento del hogar|Nivel general y divisiones COICOP|103.3147|1.1|NA|Nacional|Abril - 2017
12|Bienes y servicios varios|Nivel general y divisiones COICOP|107.5442|1.8|NA|Nacional|Abril - 2017
01|Alimentos y bebidas no alcohólicas|Nivel general y divisiones COICOP|109.7631|1.3|NA|Nacional|Mayo - 2017
02|Bebidas alcohólicas y tabaco|Nivel general y divisiones COICOP|111.7182|1.7|NA|Nacional|Mayo - 2017
03|Prendas de vestir y calzado|Nivel general y divisiones COICOP|108.726|1.7|NA|Nacional|Mayo - 2017
05|Equipamiento y mantenimiento del hogar|Nivel general y divisiones COICOP|106.1577|2.8|NA|Nacional|Mayo - 2017
12|Bienes y servicios varios|Nivel general y divisiones COICOP|108.9336|1.3|NA|Nacional|Mayo - 2017
01|Alimentos y bebidas no alcohólicas|Nivel general y divisiones COICOP|110.7483|0.9|NA|Nacional|Junio - 2017
02|Bebidas alcohólicas y tabaco|Nivel general y divisiones COICOP|112.4572|0.7|NA|Nacional|Junio - 2017
03|Prendas de vestir y calzado|Nivel general y divisiones COICOP|109.6911|0.9|NA|Nacional|Junio - 2017
05|Equipamiento y mantenimiento del hogar|Nivel general y divisiones COICOP|107.4904|1.3|NA|Nacional|Junio - 2017
12|Bienes y servicios varios|Nivel general y divisiones COICOP|110.3729|1.3|NA|Nacional|Junio - 2017
01|Alimentos y bebidas no alcohólicas|Nivel general y divisiones COICOP|112.0115|1.1|NA|Nacional|Julio - 2017
02|Bebidas alcohólicas y tabaco|Nivel general y divisiones COICOP|115.794|3|NA|Nacional|Julio - 2017
03|Prendas de vestir y calzado|Nivel general y divisiones COICOP|108.3524|-1.2|NA|Nacional|Julio - 2017
05|Equipamiento y mantenimiento del hogar|Nivel general y divisiones COICOP|110.0984|2.4|NA|Nacional|Julio - 2017
12|Bienes y servicios varios|Nivel general y divisiones COICOP|111.8348|1.3|NA|Nacional|Julio - 2017
01|Alimentos y bebidas no alcohólicas|Nivel general y divisiones COICOP|114.3467|2.1|NA|Nacional|Agosto - 2017
02|Bebidas alcohólicas y tabaco|Nivel general y divisiones COICOP|117.3256|1.3|NA|Nacional|Agosto - 2017
03|Prendas de vestir y calzado|Nivel general y divisiones COICOP|107.6769|-0.6|NA|Nacional|Agosto - 2017
05|Equipamiento y mantenimiento del hogar|Nivel general y divisiones COICOP|111.1513|1|NA|Nacional|Agosto - 2017
12|Bienes y servicios varios|Nivel general y divisiones COICOP|113.6021|1.6|NA|Nacional|Agosto - 2017
01|Alimentos y bebidas no alcohólicas|Nivel general y divisiones COICOP|116.4048|1.8|NA|Nacional|Septiembre - 2017
02|Bebidas alcohólicas y tabaco|Nivel general y divisiones COICOP|118.1383|0.7|NA|Nacional|Septiembre - 2017
03|Prendas de vestir y calzado|Nivel general y divisiones COICOP|111.7682|3.8|NA|Nacional|Septiembre - 2017
05|Equipamiento y mantenimiento del hogar|Nivel general y divisiones COICOP|112.2879|1|NA|Nacional|Septiembre - 2017
12|Bienes y servicios varios|Nivel general y divisiones COICOP|115.4941|1.7|NA|Nacional|Septiembre - 2017
01|Alimentos y bebidas no alcohólicas|Nivel general y divisiones COICOP|118.1646|1.5|NA|Nacional|Octubre - 2017
02|Bebidas alcohólicas y tabaco|Nivel general y divisiones COICOP|121.695|3|NA|Nacional|Octubre - 2017
03|Prendas de vestir y calzado|Nivel general y divisiones COICOP|114.138|2.1|NA|Nacional|Octubre - 2017
05|Equipamiento y mantenimiento del hogar|Nivel general y divisiones COICOP|113.0973|0.7|NA|Nacional|Octubre - 2017
12|Bienes y servicios varios|Nivel general y divisiones COICOP|117.0803|1.4|NA|Nacional|Octubre - 2017
01|Alimentos y bebidas no alcohólicas|Nivel general y divisiones COICOP|119.5688|1.2|NA|Nacional|Noviembre - 2017
02|Bebidas alcohólicas y tabaco|Nivel general y divisiones COICOP|123.0467|1.1|NA|Nacional|Noviembre - 2017
03|Prendas de vestir y calzado|Nivel general y divisiones COICOP|115.6644|1.3|NA|Nacional|Noviembre - 2017
05|Equipamiento y mantenimiento del hogar|Nivel general y divisiones COICOP|114.1215|0.9|NA|Nacional|Noviembre - 2017
12|Bienes y servicios varios|Nivel general y divisiones COICOP|118.5168|1.2|NA|Nacional|Noviembre - 2017
01|Alimentos y bebidas no alcohólicas|Nivel general y divisiones COICOP|120.36|0.7|20.4|Nacional|Diciembre - 2017
02|Bebidas alcohólicas y tabaco|Nivel general y divisiones COICOP|123.7178|0.5|23.7|Nacional|Diciembre - 2017
03|Prendas de vestir y calzado|Nivel general y divisiones COICOP|116.6315|0.8|16.6|Nacional|Diciembre - 2017
05|Equipamiento y mantenimiento del hogar|Nivel general y divisiones COICOP|117.436|2.9|17.4|Nacional|Diciembre - 2017
12|Bienes y servicios varios|Nivel general y divisiones COICOP|119.8176|1.1|19.8|Nacional|Diciembre - 2017
01|Alimentos y bebidas no alcohólicas|Nivel general y divisiones COICOP|122.8752|2.1|21.3|Nacional|Enero - 2018
02|Bebidas alcohólicas y tabaco|Nivel general y divisiones COICOP|126.558|2.3|25.4|Nacional|Enero - 2018
03|Prendas de vestir y calzado|Nivel general y divisiones COICOP|115.7454|-0.8|16.9|Nacional|Enero - 2018
05|Equipamiento y mantenimiento del hogar|Nivel general y divisiones COICOP|118.6538|1|17.6|Nacional|Enero - 2018
12|Bienes y servicios varios|Nivel general y divisiones COICOP|122.7189|2.4|20.4|Nacional|Enero - 2018
01|Alimentos y bebidas no alcohólicas|Nivel general y divisiones COICOP|125.5566|2.2|21.7|Nacional|Febrero - 2018
02|Bebidas alcohólicas y tabaco|Nivel general y divisiones COICOP|128.7394|1.7|22.3|Nacional|Febrero - 2018
03|Prendas de vestir y calzado|Nivel general y divisiones COICOP|115.036|-0.6|16.4|Nacional|Febrero - 2018
05|Equipamiento y mantenimiento del hogar|Nivel general y divisiones COICOP|120.7253|1.7|19.1|Nacional|Febrero - 2018
12|Bienes y servicios varios|Nivel general y divisiones COICOP|124.8704|1.8|20.3|Nacional|Febrero - 2018
01|Alimentos y bebidas no alcohólicas|Nivel general y divisiones COICOP|128.469|2.3|21.2|Nacional|Marzo - 2018
02|Bebidas alcohólicas y tabaco|Nivel general y divisiones COICOP|129.6226|0.7|20.8|Nacional|Marzo - 2018
03|Prendas de vestir y calzado|Nivel general y divisiones COICOP|120.0687|4.4|17.4|Nacional|Marzo - 2018
05|Equipamiento y mantenimiento del hogar|Nivel general y divisiones COICOP|126.1821|4.5|23.5|Nacional|Marzo - 2018
12|Bienes y servicios varios|Nivel general y divisiones COICOP|127.1891|1.9|20.4|Nacional|Marzo - 2018
01|Alimentos y bebidas no alcohólicas|Nivel general y divisiones COICOP|129.9559|1.2|19.9|Nacional|Abril - 2018
02|Bebidas alcohólicas y tabaco|Nivel general y divisiones COICOP|131.2858|1.3|19.5|Nacional|Abril - 2018
03|Prendas de vestir y calzado|Nivel general y divisiones COICOP|124.9254|4|16.9|Nacional|Abril - 2018
05|Equipamiento y mantenimiento del hogar|Nivel general y divisiones COICOP|127.7561|1.2|23.7|Nacional|Abril - 2018
12|Bienes y servicios varios|Nivel general y divisiones COICOP|129.3332|1.7|20.3|Nacional|Abril - 2018
01|Alimentos y bebidas no alcohólicas|Nivel general y divisiones COICOP|134.2019|3.3|22.3|Nacional|Mayo - 2018
02|Bebidas alcohólicas y tabaco|Nivel general y divisiones COICOP|133.4078|1.6|19.4|Nacional|Mayo - 2018
03|Prendas de vestir y calzado|Nivel general y divisiones COICOP|127.3628|2|17.1|Nacional|Mayo - 2018
05|Equipamiento y mantenimiento del hogar|Nivel general y divisiones COICOP|130.576|2.2|23|Nacional|Mayo - 2018
12|Bienes y servicios varios|Nivel general y divisiones COICOP|131.8763|2|21.1|Nacional|Mayo - 2018
01|Alimentos y bebidas no alcohólicas|Nivel general y divisiones COICOP|141.151|5.2|27.5|Nacional|Junio - 2018
02|Bebidas alcohólicas y tabaco|Nivel general y divisiones COICOP|134.6168|0.9|19.7|Nacional|Junio - 2018
03|Prendas de vestir y calzado|Nivel general y divisiones COICOP|129.8016|1.9|18.3|Nacional|Junio - 2018
05|Equipamiento y mantenimiento del hogar|Nivel general y divisiones COICOP|135.829|4|26.4|Nacional|Junio - 2018
12|Bienes y servicios varios|Nivel general y divisiones COICOP|136.0669|3.2|23.3|Nacional|Junio - 2018
01|Alimentos y bebidas no alcohólicas|Nivel general y divisiones COICOP|146.7848|4|31|Nacional|Julio - 2018
02|Bebidas alcohólicas y tabaco|Nivel general y divisiones COICOP|138.1218|2.6|19.3|Nacional|Julio - 2018
03|Prendas de vestir y calzado|Nivel general y divisiones COICOP|129.6084|-0.1|19.6|Nacional|Julio - 2018
05|Equipamiento y mantenimiento del hogar|Nivel general y divisiones COICOP|141.5414|4.2|28.6|Nacional|Julio - 2018
12|Bienes y servicios varios|Nivel general y divisiones COICOP|141.4245|3.9|26.5|Nacional|Julio - 2018
01|Alimentos y bebidas no alcohólicas|Nivel general y divisiones COICOP|152.6743|4|33.5|Nacional|Agosto - 2018
02|Bebidas alcohólicas y tabaco|Nivel general y divisiones COICOP|139.9915|1.4|19.3|Nacional|Agosto - 2018
03|Prendas de vestir y calzado|Nivel general y divisiones COICOP|130.051|0.3|20.8|Nacional|Agosto - 2018
05|Equipamiento y mantenimiento del hogar|Nivel general y divisiones COICOP|145.9741|3.1|31.3|Nacional|Agosto - 2018
12|Bienes y servicios varios|Nivel general y divisiones COICOP|148.3437|4.9|30.6|Nacional|Agosto - 2018
01|Alimentos y bebidas no alcohólicas|Nivel general y divisiones COICOP|163.3911|7|40.4|Nacional|Septiembre - 2018
02|Bebidas alcohólicas y tabaco|Nivel general y divisiones COICOP|146.1856|4.4|23.7|Nacional|Septiembre - 2018
03|Prendas de vestir y calzado|Nivel general y divisiones COICOP|142.776|9.8|27.7|Nacional|Septiembre - 2018
05|Equipamiento y mantenimiento del hogar|Nivel general y divisiones COICOP|160.1563|9.7|42.6|Nacional|Septiembre - 2018
12|Bienes y servicios varios|Nivel general y divisiones COICOP|160.1018|7.9|38.6|Nacional|Septiembre - 2018
01|Alimentos y bebidas no alcohólicas|Nivel general y divisiones COICOP|173.0007|5.9|46.4|Nacional|Octubre - 2018
02|Bebidas alcohólicas y tabaco|Nivel general y divisiones COICOP|149.5775|2.3|22.9|Nacional|Octubre - 2018
03|Prendas de vestir y calzado|Nivel general y divisiones COICOP|149.9773|5|31.4|Nacional|Octubre - 2018
05|Equipamiento y mantenimiento del hogar|Nivel general y divisiones COICOP|167.0385|4.3|47.7|Nacional|Octubre - 2018
12|Bienes y servicios varios|Nivel general y divisiones COICOP|170.0438|6.2|45.2|Nacional|Octubre - 2018
01|Alimentos y bebidas no alcohólicas|Nivel general y divisiones COICOP|178.8975|3.4|49.6|Nacional|Noviembre - 2018
02|Bebidas alcohólicas y tabaco|Nivel general y divisiones COICOP|156.5108|4.6|27.2|Nacional|Noviembre - 2018
03|Prendas de vestir y calzado|Nivel general y divisiones COICOP|153.444|2.3|32.7|Nacional|Noviembre - 2018
05|Equipamiento y mantenimiento del hogar|Nivel general y divisiones COICOP|172.9721|3.6|51.6|Nacional|Noviembre - 2018
12|Bienes y servicios varios|Nivel general y divisiones COICOP|177.5239|4.4|49.8|Nacional|Noviembre - 2018
01|Alimentos y bebidas no alcohólicas|Nivel general y divisiones COICOP|181.9359|1.7|51.2|Nacional|Diciembre - 2018
02|Bebidas alcohólicas y tabaco|Nivel general y divisiones COICOP|158.6722|1.4|28.3|Nacional|Diciembre - 2018
03|Prendas de vestir y calzado|Nivel general y divisiones COICOP|155.1797|1.1|33.1|Nacional|Diciembre - 2018
05|Equipamiento y mantenimiento del hogar|Nivel general y divisiones COICOP|176.1826|1.9|50|Nacional|Diciembre - 2018
12|Bienes y servicios varios|Nivel general y divisiones COICOP|183.608|3.4|53.2|Nacional|Diciembre - 2018
01|Alimentos y bebidas no alcohólicas|Nivel general y divisiones COICOP|188.0357|3.4|53|Nacional|Enero - 2019
02|Bebidas alcohólicas y tabaco|Nivel general y divisiones COICOP|164.1486|3.5|29.7|Nacional|Enero - 2019
03|Prendas de vestir y calzado|Nivel general y divisiones COICOP|154.3105|-0.6|33.3|Nacional|Enero - 2019
05|Equipamiento y mantenimiento del hogar|Nivel general y divisiones COICOP|180.8936|2.7|52.5|Nacional|Enero - 2019
12|Bienes y servicios varios|Nivel general y divisiones COICOP|190.2864|3.6|55.1|Nacional|Enero - 2019
01|Alimentos y bebidas no alcohólicas|Nivel general y divisiones COICOP|198.7818|5.7|58.3|Nacional|Febrero - 2019
02|Bebidas alcohólicas y tabaco|Nivel general y divisiones COICOP|168.0165|2.4|30.5|Nacional|Febrero - 2019
03|Prendas de vestir y calzado|Nivel general y divisiones COICOP|155.7973|1|35.4|Nacional|Febrero - 2019
05|Equipamiento y mantenimiento del hogar|Nivel general y divisiones COICOP|185.932|2.8|54|Nacional|Febrero - 2019
12|Bienes y servicios varios|Nivel general y divisiones COICOP|196.1795|3.1|57.1|Nacional|Febrero - 2019
01|Alimentos y bebidas no alcohólicas|Nivel general y divisiones COICOP|210.628|6|64|Nacional|Marzo - 2019
02|Bebidas alcohólicas y tabaco|Nivel general y divisiones COICOP|174.827|4.1|34.9|Nacional|Marzo - 2019
03|Prendas de vestir y calzado|Nivel general y divisiones COICOP|166.0308|6.6|38.3|Nacional|Marzo - 2019
05|Equipamiento y mantenimiento del hogar|Nivel general y divisiones COICOP|192.9944|3.8|52.9|Nacional|Marzo - 2019
12|Bienes y servicios varios|Nivel general y divisiones COICOP|202.2281|3.1|59|Nacional|Marzo - 2019
01|Alimentos y bebidas no alcohólicas|Nivel general y divisiones COICOP|215.9985|2.5|66.2|Nacional|Abril - 2019
02|Bebidas alcohólicas y tabaco|Nivel general y divisiones COICOP|176.6323|1|34.5|Nacional|Abril - 2019
03|Prendas de vestir y calzado|Nivel general y divisiones COICOP|176.3303|6.2|41.1|Nacional|Abril - 2019
05|Equipamiento y mantenimiento del hogar|Nivel general y divisiones COICOP|201.8547|4.6|58|Nacional|Abril - 2019
12|Bienes y servicios varios|Nivel general y divisiones COICOP|208.235|3|61|Nacional|Abril - 2019
01|Alimentos y bebidas no alcohólicas|Nivel general y divisiones COICOP|221.2588|2.4|64.9|Nacional|Mayo - 2019
02|Bebidas alcohólicas y tabaco|Nivel general y divisiones COICOP|180.4588|2.2|35.3|Nacional|Mayo - 2019
03|Prendas de vestir y calzado|Nivel general y divisiones COICOP|182.2453|3.4|43.1|Nacional|Mayo - 2019
05|Equipamiento y mantenimiento del hogar|Nivel general y divisiones COICOP|208.3447|3.2|59.6|Nacional|Mayo - 2019
12|Bienes y servicios varios|Nivel general y divisiones COICOP|214.0404|2.8|62.3|Nacional|Mayo - 2019
01|Alimentos y bebidas no alcohólicas|Nivel general y divisiones COICOP|226.9033|2.6|60.8|Nacional|Junio - 2019
02|Bebidas alcohólicas y tabaco|Nivel general y divisiones COICOP|185.3625|2.7|37.7|Nacional|Junio - 2019
03|Prendas de vestir y calzado|Nivel general y divisiones COICOP|185.7061|1.9|43.1|Nacional|Junio - 2019
05|Equipamiento y mantenimiento del hogar|Nivel general y divisiones COICOP|215.4878|3.4|58.6|Nacional|Junio - 2019
12|Bienes y servicios varios|Nivel general y divisiones COICOP|218.5697|2.1|60.6|Nacional|Junio - 2019
01|Alimentos y bebidas no alcohólicas|Nivel general y divisiones COICOP|232.0295|2.3|58.1|Nacional|Julio - 2019
02|Bebidas alcohólicas y tabaco|Nivel general y divisiones COICOP|186.9476|0.9|35.3|Nacional|Julio - 2019
03|Prendas de vestir y calzado|Nivel general y divisiones COICOP|186.345|0.3|43.8|Nacional|Julio - 2019
05|Equipamiento y mantenimiento del hogar|Nivel general y divisiones COICOP|220.9243|2.5|56.1|Nacional|Julio - 2019
12|Bienes y servicios varios|Nivel general y divisiones COICOP|224.4509|2.7|58.7|Nacional|Julio - 2019
01|Alimentos y bebidas no alcohólicas|Nivel general y divisiones COICOP|242.5051|4.5|58.8|Nacional|Agosto - 2019
02|Bebidas alcohólicas y tabaco|Nivel general y divisiones COICOP|195.1481|4.4|39.4|Nacional|Agosto - 2019
03|Prendas de vestir y calzado|Nivel general y divisiones COICOP|192.1506|3.1|47.8|Nacional|Agosto - 2019
05|Equipamiento y mantenimiento del hogar|Nivel general y divisiones COICOP|234.3379|6.1|60.5|Nacional|Agosto - 2019
12|Bienes y servicios varios|Nivel general y divisiones COICOP|234.3934|4.4|58|Nacional|Agosto - 2019
01|Alimentos y bebidas no alcohólicas|Nivel general y divisiones COICOP|256.3757|5.7|56.9|Nacional|Septiembre - 2019
02|Bebidas alcohólicas y tabaco|Nivel general y divisiones COICOP|206.218|5.7|41.1|Nacional|Septiembre - 2019
03|Prendas de vestir y calzado|Nivel general y divisiones COICOP|210.4983|9.5|47.4|Nacional|Septiembre - 2019
05|Equipamiento y mantenimiento del hogar|Nivel general y divisiones COICOP|251.7058|7.4|57.2|Nacional|Septiembre - 2019
12|Bienes y servicios varios|Nivel general y divisiones COICOP|253.668|8.2|58.4|Nacional|Septiembre - 2019
01|Alimentos y bebidas no alcohólicas|Nivel general y divisiones COICOP|262.6603|2.5|51.8|Nacional|Octubre - 2019
02|Bebidas alcohólicas y tabaco|Nivel general y divisiones COICOP|218.9538|6.2|46.4|Nacional|Octubre - 2019
03|Prendas de vestir y calzado|Nivel general y divisiones COICOP|220.4635|4.7|47|Nacional|Octubre - 2019
05|Equipamiento y mantenimiento del hogar|Nivel general y divisiones COICOP|272.1918|8.1|63|Nacional|Octubre - 2019
12|Bienes y servicios varios|Nivel general y divisiones COICOP|263.4181|3.8|54.9|Nacional|Octubre - 2019
01|Alimentos y bebidas no alcohólicas|Nivel general y divisiones COICOP|276.6339|5.3|54.6|Nacional|Noviembre - 2019
02|Bebidas alcohólicas y tabaco|Nivel general y divisiones COICOP|231.1972|5.6|47.7|Nacional|Noviembre - 2019
03|Prendas de vestir y calzado|Nivel general y divisiones COICOP|230.249|4.4|50.1|Nacional|Noviembre - 2019
05|Equipamiento y mantenimiento del hogar|Nivel general y divisiones COICOP|273.7052|0.6|58.2|Nacional|Noviembre - 2019
12|Bienes y servicios varios|Nivel general y divisiones COICOP|276.2862|4.9|55.6|Nacional|Noviembre - 2019
01|Alimentos y bebidas no alcohólicas|Nivel general y divisiones COICOP|285.297|3.1|56.8|Nacional|Diciembre - 2019
02|Bebidas alcohólicas y tabaco|Nivel general y divisiones COICOP|238.3667|3.1|50.2|Nacional|Diciembre - 2019
03|Prendas de vestir y calzado|Nivel general y divisiones COICOP|235.763|2.4|51.9|Nacional|Diciembre - 2019
05|Equipamiento y mantenimiento del hogar|Nivel general y divisiones COICOP|288.4718|5.4|63.7|Nacional|Diciembre - 2019
12|Bienes y servicios varios|Nivel general y divisiones COICOP|286.2711|3.6|55.9|Nacional|Diciembre - 2019
01|Alimentos y bebidas no alcohólicas|Nivel general y divisiones COICOP|298.6501|4.7|58.8|Nacional|Enero - 2020
02|Bebidas alcohólicas y tabaco|Nivel general y divisiones COICOP|248.7265|4.3|51.5|Nacional|Enero - 2020
03|Prendas de vestir y calzado|Nivel general y divisiones COICOP|238.2562|1.1|54.4|Nacional|Enero - 2020
05|Equipamiento y mantenimiento del hogar|Nivel general y divisiones COICOP|284.7446|-1.3|57.4|Nacional|Enero - 2020
12|Bienes y servicios varios|Nivel general y divisiones COICOP|295.0698|3.1|55.1|Nacional|Enero - 2020
01|Alimentos y bebidas no alcohólicas|Nivel general y divisiones COICOP|306.6182|2.7|54.2|Nacional|Febrero - 2020
02|Bebidas alcohólicas y tabaco|Nivel general y divisiones COICOP|251.9682|1.3|50|Nacional|Febrero - 2020
03|Prendas de vestir y calzado|Nivel general y divisiones COICOP|243.9437|2.4|56.6|Nacional|Febrero - 2020
05|Equipamiento y mantenimiento del hogar|Nivel general y divisiones COICOP|290.661|2.1|56.3|Nacional|Febrero - 2020
12|Bienes y servicios varios|Nivel general y divisiones COICOP|302.2693|2.4|54.1|Nacional|Febrero - 2020
01|Alimentos y bebidas no alcohólicas|Nivel general y divisiones COICOP|318.6777|3.9|51.3|Nacional|Marzo - 2020
02|Bebidas alcohólicas y tabaco|Nivel general y divisiones COICOP|259.1936|2.9|48.3|Nacional|Marzo - 2020
03|Prendas de vestir y calzado|Nivel general y divisiones COICOP|254.1219|4.2|53.1|Nacional|Marzo - 2020
05|Equipamiento y mantenimiento del hogar|Nivel general y divisiones COICOP|299.0795|2.9|55|Nacional|Marzo - 2020
12|Bienes y servicios varios|Nivel general y divisiones COICOP|308.4361|2|52.5|Nacional|Marzo - 2020
01|Alimentos y bebidas no alcohólicas|Nivel general y divisiones COICOP|328.7785|3.2|52.2|Nacional|Abril - 2020
02|Bebidas alcohólicas y tabaco|Nivel general y divisiones COICOP|262.827|1.4|48.8|Nacional|Abril - 2020
03|Prendas de vestir y calzado|Nivel general y divisiones COICOP|257.9206|1.5|46.3|Nacional|Abril - 2020
05|Equipamiento y mantenimiento del hogar|Nivel general y divisiones COICOP|302.7645|1.2|50|Nacional|Abril - 2020
12|Bienes y servicios varios|Nivel general y divisiones COICOP|308.9516|0.2|48.4|Nacional|Abril - 2020
01|Alimentos y bebidas no alcohólicas|Nivel general y divisiones COICOP|331.0146|0.7|49.6|Nacional|Mayo - 2020
02|Bebidas alcohólicas y tabaco|Nivel general y divisiones COICOP|263.0259|0.1|45.8|Nacional|Mayo - 2020
03|Prendas de vestir y calzado|Nivel general y divisiones COICOP|277.3804|7.5|52.2|Nacional|Mayo - 2020
05|Equipamiento y mantenimiento del hogar|Nivel general y divisiones COICOP|311.3316|2.8|49.4|Nacional|Mayo - 2020
12|Bienes y servicios varios|Nivel general y divisiones COICOP|314.8969|1.9|47.1|Nacional|Mayo - 2020
01|Alimentos y bebidas no alcohólicas|Nivel general y divisiones COICOP|334.4636|1|47.4|Nacional|Junio - 2020
02|Bebidas alcohólicas y tabaco|Nivel general y divisiones COICOP|272.9822|3.8|47.3|Nacional|Junio - 2020
03|Prendas de vestir y calzado|Nivel general y divisiones COICOP|295.818|6.6|59.3|Nacional|Junio - 2020
05|Equipamiento y mantenimiento del hogar|Nivel general y divisiones COICOP|323.992|4.1|50.4|Nacional|Junio - 2020
12|Bienes y servicios varios|Nivel general y divisiones COICOP|315.9472|0.3|44.6|Nacional|Junio - 2020
01|Alimentos y bebidas no alcohólicas|Nivel general y divisiones COICOP|338.7648|1.3|46|Nacional|Julio - 2020
02|Bebidas alcohólicas y tabaco|Nivel general y divisiones COICOP|276.7322|1.4|48|Nacional|Julio - 2020
03|Prendas de vestir y calzado|Nivel general y divisiones COICOP|305.5099|3.3|63.9|Nacional|Julio - 2020
05|Equipamiento y mantenimiento del hogar|Nivel general y divisiones COICOP|336.5455|3.9|52.3|Nacional|Julio - 2020
12|Bienes y servicios varios|Nivel general y divisiones COICOP|323.2643|2.3|44|Nacional|Julio - 2020
01|Alimentos y bebidas no alcohólicas|Nivel general y divisiones COICOP|350.5076|3.5|44.5|Nacional|Agosto - 2020
02|Bebidas alcohólicas y tabaco|Nivel general y divisiones COICOP|280.3346|1.3|43.7|Nacional|Agosto - 2020
03|Prendas de vestir y calzado|Nivel general y divisiones COICOP|312.2789|2.2|62.5|Nacional|Agosto - 2020
05|Equipamiento y mantenimiento del hogar|Nivel general y divisiones COICOP|348.1836|3.5|48.6|Nacional|Agosto - 2020
12|Bienes y servicios varios|Nivel general y divisiones COICOP|334.0208|3.3|42.5|Nacional|Agosto - 2020
01|Alimentos y bebidas no alcohólicas|Nivel general y divisiones COICOP|360.8692|3|40.8|Nacional|Septiembre - 2020
02|Bebidas alcohólicas y tabaco|Nivel general y divisiones COICOP|292.3052|4.3|41.7|Nacional|Septiembre - 2020
03|Prendas de vestir y calzado|Nivel general y divisiones COICOP|330.5055|5.8|57|Nacional|Septiembre - 2020
05|Equipamiento y mantenimiento del hogar|Nivel general y divisiones COICOP|357.1864|2.6|41.9|Nacional|Septiembre - 2020
12|Bienes y servicios varios|Nivel general y divisiones COICOP|340.0843|1.8|34.1|Nacional|Septiembre - 2020
01|Alimentos y bebidas no alcohólicas|Nivel general y divisiones COICOP|378.0896|4.8|43.9|Nacional|Octubre - 2020
02|Bebidas alcohólicas y tabaco|Nivel general y divisiones COICOP|297.8662|1.9|36|Nacional|Octubre - 2020
03|Prendas de vestir y calzado|Nivel general y divisiones COICOP|351.1551|6.2|59.3|Nacional|Octubre - 2020
05|Equipamiento y mantenimiento del hogar|Nivel general y divisiones COICOP|373.2176|4.5|37.1|Nacional|Octubre - 2020
12|Bienes y servicios varios|Nivel general y divisiones COICOP|347.2283|2.1|31.8|Nacional|Octubre - 2020
01|Alimentos y bebidas no alcohólicas|Nivel general y divisiones COICOP|388.3864|2.7|40.4|Nacional|Noviembre - 2020
02|Bebidas alcohólicas y tabaco|Nivel general y divisiones COICOP|306.7433|3|32.7|Nacional|Noviembre - 2020
03|Prendas de vestir y calzado|Nivel general y divisiones COICOP|364.0892|3.7|58.1|Nacional|Noviembre - 2020
05|Equipamiento y mantenimiento del hogar|Nivel general y divisiones COICOP|387.9375|3.9|41.7|Nacional|Noviembre - 2020
12|Bienes y servicios varios|Nivel general y divisiones COICOP|356.3987|2.6|29|Nacional|Noviembre - 2020
01|Alimentos y bebidas no alcohólicas|Nivel general y divisiones COICOP|405.2871|4.4|42.1|Nacional|Diciembre - 2020
02|Bebidas alcohólicas y tabaco|Nivel general y divisiones COICOP|317.1521|3.4|33.1|Nacional|Diciembre - 2020
03|Prendas de vestir y calzado|Nivel general y divisiones COICOP|377.2469|3.6|60|Nacional|Diciembre - 2020
05|Equipamiento y mantenimiento del hogar|Nivel general y divisiones COICOP|397.2227|2.4|37.7|Nacional|Diciembre - 2020
12|Bienes y servicios varios|Nivel general y divisiones COICOP|362.5783|1.7|26.7|Nacional|Diciembre - 2020
01|Alimentos y bebidas no alcohólicas|Nivel general y divisiones COICOP|424.8374|4.8|42.3|Nacional|Enero - 2021
02|Bebidas alcohólicas y tabaco|Nivel general y divisiones COICOP|331.4265|4.5|33.2|Nacional|Enero - 2021
03|Prendas de vestir y calzado|Nivel general y divisiones COICOP|382.4282|1.4|60.5|Nacional|Enero - 2021
05|Equipamiento y mantenimiento del hogar|Nivel general y divisiones COICOP|409.0026|3|43.6|Nacional|Enero - 2021
12|Bienes y servicios varios|Nivel general y divisiones COICOP|369.9824|2|25.4|Nacional|Enero - 2021
01|Alimentos y bebidas no alcohólicas|Nivel general y divisiones COICOP|441.0722|3.8|43.9|Nacional|Febrero - 2021
02|Bebidas alcohólicas y tabaco|Nivel general y divisiones COICOP|343.3155|3.6|36.3|Nacional|Febrero - 2021
03|Prendas de vestir y calzado|Nivel general y divisiones COICOP|393.1944|2.8|61.2|Nacional|Febrero - 2021
05|Equipamiento y mantenimiento del hogar|Nivel general y divisiones COICOP|427.6367|4.6|47.1|Nacional|Febrero - 2021
12|Bienes y servicios varios|Nivel general y divisiones COICOP|381.9169|3.2|26.3|Nacional|Febrero - 2021
01|Alimentos y bebidas no alcohólicas|Nivel general y divisiones COICOP|461.3238|4.6|44.8|Nacional|Marzo - 2021
02|Bebidas alcohólicas y tabaco|Nivel general y divisiones COICOP|365.3793|6.4|41|Nacional|Marzo - 2021
03|Prendas de vestir y calzado|Nivel general y divisiones COICOP|435.7025|10.8|71.5|Nacional|Marzo - 2021
05|Equipamiento y mantenimiento del hogar|Nivel general y divisiones COICOP|441.1744|3.2|47.5|Nacional|Marzo - 2021
12|Bienes y servicios varios|Nivel general y divisiones COICOP|390.3459|2.2|26.6|Nacional|Marzo - 2021
01|Alimentos y bebidas no alcohólicas|Nivel general y divisiones COICOP|481.2407|4.3|46.4|Nacional|Abril - 2021
02|Bebidas alcohólicas y tabaco|Nivel general y divisiones COICOP|378.4685|3.6|44|Nacional|Abril - 2021
03|Prendas de vestir y calzado|Nivel general y divisiones COICOP|461.9321|6|79.1|Nacional|Abril - 2021
05|Equipamiento y mantenimiento del hogar|Nivel general y divisiones COICOP|460.1121|4.3|52|Nacional|Abril - 2021
12|Bienes y servicios varios|Nivel general y divisiones COICOP|404.5705|3.6|30.9|Nacional|Abril - 2021
01|Alimentos y bebidas no alcohólicas|Nivel general y divisiones COICOP|496.1796|3.1|49.9|Nacional|Mayo - 2021
02|Bebidas alcohólicas y tabaco|Nivel general y divisiones COICOP|384.5689|1.6|46.2|Nacional|Mayo - 2021
03|Prendas de vestir y calzado|Nivel general y divisiones COICOP|471.6343|2.1|70|Nacional|Mayo - 2021
05|Equipamiento y mantenimiento del hogar|Nivel general y divisiones COICOP|470.991|2.4|51.3|Nacional|Mayo - 2021
12|Bienes y servicios varios|Nivel general y divisiones COICOP|416.3379|2.9|32.2|Nacional|Mayo - 2021
01|Alimentos y bebidas no alcohólicas|Nivel general y divisiones COICOP|512.2593|3.2|53.2|Nacional|Junio - 2021
02|Bebidas alcohólicas y tabaco|Nivel general y divisiones COICOP|405.6917|5.5|48.6|Nacional|Junio - 2021
03|Prendas de vestir y calzado|Nivel general y divisiones COICOP|487.9626|3.5|65|Nacional|Junio - 2021
05|Equipamiento y mantenimiento del hogar|Nivel general y divisiones COICOP|486.2222|3.2|50.1|Nacional|Junio - 2021
12|Bienes y servicios varios|Nivel general y divisiones COICOP|424.5201|2|34.4|Nacional|Junio - 2021
01|Alimentos y bebidas no alcohólicas|Nivel general y divisiones COICOP|529.7087|3.4|56.4|Nacional|Julio - 2021
02|Bebidas alcohólicas y tabaco|Nivel general y divisiones COICOP|418.2942|3.1|51.2|Nacional|Julio - 2021
03|Prendas de vestir y calzado|Nivel general y divisiones COICOP|494.0248|1.2|61.7|Nacional|Julio - 2021
05|Equipamiento y mantenimiento del hogar|Nivel general y divisiones COICOP|499.4892|2.7|48.4|Nacional|Julio - 2021
12|Bienes y servicios varios|Nivel general y divisiones COICOP|438.0619|3.2|35.5|Nacional|Julio - 2021
01|Alimentos y bebidas no alcohólicas|Nivel general y divisiones COICOP|537.5867|1.5|53.4|Nacional|Agosto - 2021
02|Bebidas alcohólicas y tabaco|Nivel general y divisiones COICOP|426.7422|2|52.2|Nacional|Agosto - 2021
03|Prendas de vestir y calzado|Nivel general y divisiones COICOP|510.8956|3.4|63.6|Nacional|Agosto - 2021
05|Equipamiento y mantenimiento del hogar|Nivel general y divisiones COICOP|515.857|3.3|48.2|Nacional|Agosto - 2021
12|Bienes y servicios varios|Nivel general y divisiones COICOP|452.5377|3.3|35.5|Nacional|Agosto - 2021
01|Alimentos y bebidas no alcohólicas|Nivel general y divisiones COICOP|553.4373|2.9|53.4|Nacional|Septiembre - 2021
02|Bebidas alcohólicas y tabaco|Nivel general y divisiones COICOP|451.7961|5.9|54.6|Nacional|Septiembre - 2021
03|Prendas de vestir y calzado|Nivel general y divisiones COICOP|541.712|6|63.9|Nacional|Septiembre - 2021
05|Equipamiento y mantenimiento del hogar|Nivel general y divisiones COICOP|533.8161|3.5|49.5|Nacional|Septiembre - 2021
12|Bienes y servicios varios|Nivel general y divisiones COICOP|462.336|2.2|35.9|Nacional|Septiembre - 2021
01|Alimentos y bebidas no alcohólicas|Nivel general y divisiones COICOP|572.3293|3.4|51.4|Nacional|Octubre - 2021
02|Bebidas alcohólicas y tabaco|Nivel general y divisiones COICOP|461.7273|2.2|55|Nacional|Octubre - 2021
03|Prendas de vestir y calzado|Nivel general y divisiones COICOP|569.4577|5.1|62.2|Nacional|Octubre - 2021
05|Equipamiento y mantenimiento del hogar|Nivel general y divisiones COICOP|548.5192|2.8|47|Nacional|Octubre - 2021
12|Bienes y servicios varios|Nivel general y divisiones COICOP|477.8239|3.3|37.6|Nacional|Octubre - 2021
01|Alimentos y bebidas no alcohólicas|Nivel general y divisiones COICOP|584.4717|2.1|50.5|Nacional|Noviembre - 2021
02|Bebidas alcohólicas y tabaco|Nivel general y divisiones COICOP|466.8177|1.1|52.2|Nacional|Noviembre - 2021
03|Prendas de vestir y calzado|Nivel general y divisiones COICOP|592.8289|4.1|62.8|Nacional|Noviembre - 2021
05|Equipamiento y mantenimiento del hogar|Nivel general y divisiones COICOP|563.3426|2.7|45.2|Nacional|Noviembre - 2021
12|Bienes y servicios varios|Nivel general y divisiones COICOP|487.5849|2|36.8|Nacional|Noviembre - 2021
01|Alimentos y bebidas no alcohólicas|Nivel general y divisiones COICOP|609.3311|4.3|50.3|Nacional|Diciembre - 2021
02|Bebidas alcohólicas y tabaco|Nivel general y divisiones COICOP|491.9092|5.4|55.1|Nacional|Diciembre - 2021
03|Prendas de vestir y calzado|Nivel general y divisiones COICOP|621.094|4.8|64.6|Nacional|Diciembre - 2021
05|Equipamiento y mantenimiento del hogar|Nivel general y divisiones COICOP|582.338|3.4|46.6|Nacional|Diciembre - 2021
12|Bienes y servicios varios|Nivel general y divisiones COICOP|503.0842|3.2|38.8|Nacional|Diciembre - 2021
01|Alimentos y bebidas no alcohólicas|Nivel general y divisiones COICOP|639.405|4.9|50.5|Nacional|Enero - 2022
02|Bebidas alcohólicas y tabaco|Nivel general y divisiones COICOP|500.7578|1.8|51.1|Nacional|Enero - 2022
03|Prendas de vestir y calzado|Nivel general y divisiones COICOP|635.994|2.4|66.3|Nacional|Enero - 2022
05|Equipamiento y mantenimiento del hogar|Nivel general y divisiones COICOP|601.6662|3.3|47.1|Nacional|Enero - 2022
12|Bienes y servicios varios|Nivel general y divisiones COICOP|524.7001|4.3|41.8|Nacional|Enero - 2022
01|Alimentos y bebidas no alcohólicas|Nivel general y divisiones COICOP|687.1658|7.5|55.8|Nacional|Febrero - 2022
02|Bebidas alcohólicas y tabaco|Nivel general y divisiones COICOP|514.0762|2.7|49.7|Nacional|Febrero - 2022
03|Prendas de vestir y calzado|Nivel general y divisiones COICOP|657.5762|3.4|67.2|Nacional|Febrero - 2022
05|Equipamiento y mantenimiento del hogar|Nivel general y divisiones COICOP|628.3237|4.4|46.9|Nacional|Febrero - 2022
12|Bienes y servicios varios|Nivel general y divisiones COICOP|547.448|4.3|43.3|Nacional|Febrero - 2022
01|Alimentos y bebidas no alcohólicas|Nivel general y divisiones COICOP|736.9451|7.2|59.7|Nacional|Marzo - 2022
02|Bebidas alcohólicas y tabaco|Nivel general y divisiones COICOP|543.6306|5.7|48.8|Nacional|Marzo - 2022
03|Prendas de vestir y calzado|Nivel general y divisiones COICOP|728.959|10.9|67.3|Nacional|Marzo - 2022
05|Equipamiento y mantenimiento del hogar|Nivel general y divisiones COICOP|655.8863|4.4|48.7|Nacional|Marzo - 2022
12|Bienes y servicios varios|Nivel general y divisiones COICOP|577.6959|5.5|48|Nacional|Marzo - 2022
01|Alimentos y bebidas no alcohólicas|Nivel general y divisiones COICOP|780.1457|5.9|62.1|Nacional|Abril - 2022
02|Bebidas alcohólicas y tabaco|Nivel general y divisiones COICOP|561.8137|3.3|48.4|Nacional|Abril - 2022
03|Prendas de vestir y calzado|Nivel general y divisiones COICOP|801.0762|9.9|73.4|Nacional|Abril - 2022
05|Equipamiento y mantenimiento del hogar|Nivel general y divisiones COICOP|691.9571|5.5|50.4|Nacional|Abril - 2022
12|Bienes y servicios varios|Nivel general y divisiones COICOP|608.0932|5.3|50.3|Nacional|Abril - 2022
01|Alimentos y bebidas no alcohólicas|Nivel general y divisiones COICOP|814.5693|4.4|64.2|Nacional|Mayo - 2022
02|Bebidas alcohólicas y tabaco|Nivel general y divisiones COICOP|593.5899|5.7|54.4|Nacional|Mayo - 2022
03|Prendas de vestir y calzado|Nivel general y divisiones COICOP|847.1542|5.8|79.6|Nacional|Mayo - 2022
05|Equipamiento y mantenimiento del hogar|Nivel general y divisiones COICOP|728.9951|5.4|54.8|Nacional|Mayo - 2022
12|Bienes y servicios varios|Nivel general y divisiones COICOP|635.8157|4.6|52.7|Nacional|Mayo - 2022
01|Alimentos y bebidas no alcohólicas|Nivel general y divisiones COICOP|852.1804|4.6|66.4|Nacional|Junio - 2022
02|Bebidas alcohólicas y tabaco|Nivel general y divisiones COICOP|633.4988|6.7|56.2|Nacional|Junio - 2022
03|Prendas de vestir y calzado|Nivel general y divisiones COICOP|895.8753|5.8|83.6|Nacional|Junio - 2022
05|Equipamiento y mantenimiento del hogar|Nivel general y divisiones COICOP|772.6412|6|58.9|Nacional|Junio - 2022
12|Bienes y servicios varios|Nivel general y divisiones COICOP|667.7975|5|57.3|Nacional|Junio - 2022
01|Alimentos y bebidas no alcohólicas|Nivel general y divisiones COICOP|903.4609|6|70.6|Nacional|Julio - 2022
02|Bebidas alcohólicas y tabaco|Nivel general y divisiones COICOP|674.3455|6.4|61.2|Nacional|Julio - 2022
03|Prendas de vestir y calzado|Nivel general y divisiones COICOP|971.758|8.5|96.7|Nacional|Julio - 2022
05|Equipamiento y mantenimiento del hogar|Nivel general y divisiones COICOP|852.4176|10.3|70.7|Nacional|Julio - 2022
12|Bienes y servicios varios|Nivel general y divisiones COICOP|721.9398|8.1|64.8|Nacional|Julio - 2022
01|Alimentos y bebidas no alcohólicas|Nivel general y divisiones COICOP|967.5805|7.1|80|Nacional|Agosto - 2022
02|Bebidas alcohólicas y tabaco|Nivel general y divisiones COICOP|721.689|7|69.1|Nacional|Agosto - 2022
03|Prendas de vestir y calzado|Nivel general y divisiones COICOP|1067.5251|9.9|109|Nacional|Agosto - 2022
05|Equipamiento y mantenimiento del hogar|Nivel general y divisiones COICOP|924.2301|8.4|79.2|Nacional|Agosto - 2022
12|Bienes y servicios varios|Nivel general y divisiones COICOP|784.4224|8.7|73.3|Nacional|Agosto - 2022
01|Alimentos y bebidas no alcohólicas|Nivel general y divisiones COICOP|1032.8063|6.7|86.6|Nacional|Septiembre - 2022
02|Bebidas alcohólicas y tabaco|Nivel general y divisiones COICOP|789.7014|9.4|74.8|Nacional|Septiembre - 2022
03|Prendas de vestir y calzado|Nivel general y divisiones COICOP|1180.9506|10.6|118|Nacional|Septiembre - 2022
05|Equipamiento y mantenimiento del hogar|Nivel general y divisiones COICOP|980.1201|6|83.6|Nacional|Septiembre - 2022
12|Bienes y servicios varios|Nivel general y divisiones COICOP|837.7345|6.8|81.2|Nacional|Septiembre - 2022
01|Alimentos y bebidas no alcohólicas|Nivel general y divisiones COICOP|1096.5069|6.2|91.6|Nacional|Octubre - 2022
02|Bebidas alcohólicas y tabaco|Nivel general y divisiones COICOP|832.7248|5.4|80.3|Nacional|Octubre - 2022
03|Prendas de vestir y calzado|Nivel general y divisiones COICOP|1261.5985|6.8|121.5|Nacional|Octubre - 2022
05|Equipamiento y mantenimiento del hogar|Nivel general y divisiones COICOP|1028.4132|4.9|87.5|Nacional|Octubre - 2022
12|Bienes y servicios varios|Nivel general y divisiones COICOP|889.2464|6.1|86.1|Nacional|Octubre - 2022
01|Alimentos y bebidas no alcohólicas|Nivel general y divisiones COICOP|1135.001|3.5|94.2|Nacional|Noviembre - 2022
02|Bebidas alcohólicas y tabaco|Nivel general y divisiones COICOP|885.54|6.3|89.7|Nacional|Noviembre - 2022
03|Prendas de vestir y calzado|Nivel general y divisiones COICOP|1318.2609|4.5|122.4|Nacional|Noviembre - 2022
05|Equipamiento y mantenimiento del hogar|Nivel general y divisiones COICOP|1084.1626|5.4|92.5|Nacional|Noviembre - 2022
12|Bienes y servicios varios|Nivel general y divisiones COICOP|941.1822|5.8|93|Nacional|Noviembre - 2022
01|Alimentos y bebidas no alcohólicas|Nivel general y divisiones COICOP|1187.9252|4.7|95|Nacional|Diciembre - 2022
02|Bebidas alcohólicas y tabaco|Nivel general y divisiones COICOP|948.7615|7.1|92.9|Nacional|Diciembre - 2022
03|Prendas de vestir y calzado|Nivel general y divisiones COICOP|1371.3368|4|120.8|Nacional|Diciembre - 2022
05|Equipamiento y mantenimiento del hogar|Nivel general y divisiones COICOP|1148.5321|5.9|97.2|Nacional|Diciembre - 2022
12|Bienes y servicios varios|Nivel general y divisiones COICOP|995.2681|5.7|97.8|Nacional|Diciembre - 2022
01|Alimentos y bebidas no alcohólicas|Nivel general y divisiones COICOP|1268.3385|6.8|98.4|Nacional|Enero - 2023
02|Bebidas alcohólicas y tabaco|Nivel general y divisiones COICOP|1017.8777|7.3|103.3|Nacional|Enero - 2023
03|Prendas de vestir y calzado|Nivel general y divisiones COICOP|1402.845|2.3|120.6|Nacional|Enero - 2023
05|Equipamiento y mantenimiento del hogar|Nivel general y divisiones COICOP|1210.6926|5.4|101.2|Nacional|Enero - 2023
12|Bienes y servicios varios|Nivel general y divisiones COICOP|1062.9991|6.8|102.6|Nacional|Enero - 2023
01|Alimentos y bebidas no alcohólicas|Nivel general y divisiones COICOP|1392.3999|9.8|102.6|Nacional|Febrero - 2023
02|Bebidas alcohólicas y tabaco|Nivel general y divisiones COICOP|1071.1087|5.2|108.4|Nacional|Febrero - 2023
03|Prendas de vestir y calzado|Nivel general y divisiones COICOP|1457.7661|3.9|121.7|Nacional|Febrero - 2023
05|Equipamiento y mantenimiento del hogar|Nivel general y divisiones COICOP|1271.8967|5.1|102.4|Nacional|Febrero - 2023
12|Bienes y servicios varios|Nivel general y divisiones COICOP|1131.9624|6.5|106.8|Nacional|Febrero - 2023
01|Alimentos y bebidas no alcohólicas|Nivel general y divisiones COICOP|1522.5337|9.3|106.6|Nacional|Marzo - 2023
02|Bebidas alcohólicas y tabaco|Nivel general y divisiones COICOP|1159.8526|8.3|113.4|Nacional|Marzo - 2023
03|Prendas de vestir y calzado|Nivel general y divisiones COICOP|1595.0861|9.4|118.8|Nacional|Marzo - 2023
05|Equipamiento y mantenimiento del hogar|Nivel general y divisiones COICOP|1345.7519|5.8|105.2|Nacional|Marzo - 2023
12|Bienes y servicios varios|Nivel general y divisiones COICOP|1203.4429|6.3|108.3|Nacional|Marzo - 2023
01|Alimentos y bebidas no alcohólicas|Nivel general y divisiones COICOP|1677.0441|10.1|115|Nacional|Abril - 2023
02|Bebidas alcohólicas y tabaco|Nivel general y divisiones COICOP|1203.7907|3.8|114.3|Nacional|Abril - 2023
03|Prendas de vestir y calzado|Nivel general y divisiones COICOP|1768.0967|10.8|120.7|Nacional|Abril - 2023
05|Equipamiento y mantenimiento del hogar|Nivel general y divisiones COICOP|1462.0471|8.6|111.3|Nacional|Abril - 2023
12|Bienes y servicios varios|Nivel general y divisiones COICOP|1282.7938|6.6|111|Nacional|Abril - 2023
01|Alimentos y bebidas no alcohólicas|Nivel general y divisiones COICOP|1774.4119|5.8|117.8|Nacional|Mayo - 2023
02|Bebidas alcohólicas y tabaco|Nivel general y divisiones COICOP|1305.3763|8.4|119.9|Nacional|Mayo - 2023
03|Prendas de vestir y calzado|Nivel general y divisiones COICOP|1903.1899|7.6|124.7|Nacional|Mayo - 2023
05|Equipamiento y mantenimiento del hogar|Nivel general y divisiones COICOP|1590.1014|8.8|118.1|Nacional|Mayo - 2023
12|Bienes y servicios varios|Nivel general y divisiones COICOP|1373.9512|7.1|116.1|Nacional|Mayo - 2023
01|Alimentos y bebidas no alcohólicas|Nivel general y divisiones COICOP|1848.0332|4.1|116.9|Nacional|Junio - 2023
02|Bebidas alcohólicas y tabaco|Nivel general y divisiones COICOP|1364.1997|4.5|115.3|Nacional|Junio - 2023
03|Prendas de vestir y calzado|Nivel general y divisiones COICOP|1983.4012|4.2|121.4|Nacional|Junio - 2023
05|Equipamiento y mantenimiento del hogar|Nivel general y divisiones COICOP|1717.2201|8|122.3|Nacional|Junio - 2023
12|Bienes y servicios varios|Nivel general y divisiones COICOP|1464.0524|6.6|119.2|Nacional|Junio - 2023
01|Alimentos y bebidas no alcohólicas|Nivel general y divisiones COICOP|1954.5101|5.8|116.3|Nacional|Julio - 2023
02|Bebidas alcohólicas y tabaco|Nivel general y divisiones COICOP|1487.5243|9|120.6|Nacional|Julio - 2023
03|Prendas de vestir y calzado|Nivel general y divisiones COICOP|2043.7327|3|110.3|Nacional|Julio - 2023
05|Equipamiento y mantenimiento del hogar|Nivel general y divisiones COICOP|1822.9318|6.2|113.9|Nacional|Julio - 2023
12|Bienes y servicios varios|Nivel general y divisiones COICOP|1556.5397|6.3|115.6|Nacional|Julio - 2023
01|Alimentos y bebidas no alcohólicas|Nivel general y divisiones COICOP|2259.2334|15.6|133.5|Nacional|Agosto - 2023
02|Bebidas alcohólicas y tabaco|Nivel general y divisiones COICOP|1613.6846|8.5|123.6|Nacional|Agosto - 2023
03|Prendas de vestir y calzado|Nivel general y divisiones COICOP|2230.5776|9.1|108.9|Nacional|Agosto - 2023
05|Equipamiento y mantenimiento del hogar|Nivel general y divisiones COICOP|2079.2711|14.1|125|Nacional|Agosto - 2023
12|Bienes y servicios varios|Nivel general y divisiones COICOP|1702.3856|9.4|117|Nacional|Agosto - 2023
01|Alimentos y bebidas no alcohólicas|Nivel general y divisiones COICOP|2583.3826|14.3|150.1|Nacional|Septiembre - 2023
02|Bebidas alcohólicas y tabaco|Nivel general y divisiones COICOP|1799.9953|11.5|127.9|Nacional|Septiembre - 2023
03|Prendas de vestir y calzado|Nivel general y divisiones COICOP|2581.0642|15.7|118.6|Nacional|Septiembre - 2023
05|Equipamiento y mantenimiento del hogar|Nivel general y divisiones COICOP|2342.3942|12.7|139|Nacional|Septiembre - 2023
12|Bienes y servicios varios|Nivel general y divisiones COICOP|1901.2072|11.7|126.9|Nacional|Septiembre - 2023
01|Alimentos y bebidas no alcohólicas|Nivel general y divisiones COICOP|2782.4454|7.7|153.8|Nacional|Octubre - 2023
02|Bebidas alcohólicas y tabaco|Nivel general y divisiones COICOP|1977.1526|9.8|137.4|Nacional|Octubre - 2023
03|Prendas de vestir y calzado|Nivel general y divisiones COICOP|2864.6053|11|127.1|Nacional|Octubre - 2023
05|Equipamiento y mantenimiento del hogar|Nivel general y divisiones COICOP|2592.8927|10.7|152.1|Nacional|Octubre - 2023
12|Bienes y servicios varios|Nivel general y divisiones COICOP|2046.9768|7.7|130.2|Nacional|Octubre - 2023
01|Alimentos y bebidas no alcohólicas|Nivel general y divisiones COICOP|3218.3702|15.7|183.6|Nacional|Noviembre - 2023
02|Bebidas alcohólicas y tabaco|Nivel general y divisiones COICOP|2209.6412|11.8|149.5|Nacional|Noviembre - 2023
03|Prendas de vestir y calzado|Nivel general y divisiones COICOP|3151.4751|10|139.1|Nacional|Noviembre - 2023
05|Equipamiento y mantenimiento del hogar|Nivel general y divisiones COICOP|2915.5922|12.4|168.9|Nacional|Noviembre - 2023
12|Bienes y servicios varios|Nivel general y divisiones COICOP|2282.6739|11.5|142.5|Nacional|Noviembre - 2023
01|Alimentos y bebidas no alcohólicas|Nivel general y divisiones COICOP|4173.6759|29.7|251.3|Nacional|Diciembre - 2023
02|Bebidas alcohólicas y tabaco|Nivel general y divisiones COICOP|2656.6774|20.2|180|Nacional|Diciembre - 2023
03|Prendas de vestir y calzado|Nivel general y divisiones COICOP|3694.929|17.2|169.4|Nacional|Diciembre - 2023
05|Equipamiento y mantenimiento del hogar|Nivel general y divisiones COICOP|3810.0606|30.7|231.7|Nacional|Diciembre - 2023
12|Bienes y servicios varios|Nivel general y divisiones COICOP|3029.3357|32.7|204.4|Nacional|Diciembre - 2023
01|Alimentos y bebidas no alcohólicas|Nivel general y divisiones COICOP|5024.9656|20.4|296.2|Nacional|Enero - 2024
02|Bebidas alcohólicas y tabaco|Nivel general y divisiones COICOP|3215.0859|21|215.9|Nacional|Enero - 2024
03|Prendas de vestir y calzado|Nivel general y divisiones COICOP|4135.7944|11.9|194.8|Nacional|Enero - 2024
05|Equipamiento y mantenimiento del hogar|Nivel general y divisiones COICOP|4660.7816|22.3|285|Nacional|Enero - 2024
12|Bienes y servicios varios|Nivel general y divisiones COICOP|4373.2672|44.4|311.4|Nacional|Enero - 2024
01|Alimentos y bebidas no alcohólicas|Nivel general y divisiones COICOP|5622.8372|11.9|303.8|Nacional|Febrero - 2024
02|Bebidas alcohólicas y tabaco|Nivel general y divisiones COICOP|3783.276|17.7|253.2|Nacional|Febrero - 2024
03|Prendas de vestir y calzado|Nivel general y divisiones COICOP|4434.676|7.2|204.2|Nacional|Febrero - 2024
05|Equipamiento y mantenimiento del hogar|Nivel general y divisiones COICOP|5142.1336|10.3|304.3|Nacional|Febrero - 2024
12|Bienes y servicios varios|Nivel general y divisiones COICOP|5098.6735|16.6|350.4|Nacional|Febrero - 2024
01|Alimentos y bebidas no alcohólicas|Nivel general y divisiones COICOP|6216.0451|10.5|308.3|Nacional|Marzo - 2024
02|Bebidas alcohólicas y tabaco|Nivel general y divisiones COICOP|4248.8502|12.3|266.3|Nacional|Marzo - 2024
03|Prendas de vestir y calzado|Nivel general y divisiones COICOP|4919.1559|10.9|208.4|Nacional|Marzo - 2024
05|Equipamiento y mantenimiento del hogar|Nivel general y divisiones COICOP|5400.751|5|301.3|Nacional|Marzo - 2024
12|Bienes y servicios varios|Nivel general y divisiones COICOP|5586.435|9.6|364.2|Nacional|Marzo - 2024
01|Alimentos y bebidas no alcohólicas|Nivel general y divisiones COICOP|6590.088|6|293|Nacional|Abril - 2024
02|Bebidas alcohólicas y tabaco|Nivel general y divisiones COICOP|4481.988|5.5|272.3|Nacional|Abril - 2024
03|Prendas de vestir y calzado|Nivel general y divisiones COICOP|5392.834|9.6|205|Nacional|Abril - 2024
05|Equipamiento y mantenimiento del hogar|Nivel general y divisiones COICOP|5751.79|6.5|293.4|Nacional|Abril - 2024
12|Bienes y servicios varios|Nivel general y divisiones COICOP|5903.854|5.7|360.2|Nacional|Abril - 2024
01|Alimentos y bebidas no alcohólicas|Nivel general y divisiones COICOP|6909.553|4.8|289.4|Nacional|Mayo - 2024
02|Bebidas alcohólicas y tabaco|Nivel general y divisiones COICOP|4781.493|6.7|266.3|Nacional|Mayo - 2024
03|Prendas de vestir y calzado|Nivel general y divisiones COICOP|5584.134|3.5|193.4|Nacional|Mayo - 2024
05|Equipamiento y mantenimiento del hogar|Nivel general y divisiones COICOP|5937.476|3.2|273.4|Nacional|Mayo - 2024
12|Bienes y servicios varios|Nivel general y divisiones COICOP|6157.706|4.3|348.2|Nacional|Mayo - 2024
01|Alimentos y bebidas no alcohólicas|Nivel general y divisiones COICOP|7117.223|3|285.1|Nacional|Junio - 2024
02|Bebidas alcohólicas y tabaco|Nivel general y divisiones COICOP|4880.226|2.1|257.7|Nacional|Junio - 2024
03|Prendas de vestir y calzado|Nivel general y divisiones COICOP|5736.102|2.7|189.2|Nacional|Junio - 2024
05|Equipamiento y mantenimiento del hogar|Nivel general y divisiones COICOP|6073.208|2.3|253.7|Nacional|Junio - 2024
12|Bienes y servicios varios|Nivel general y divisiones COICOP|6327.35|2.8|332.2|Nacional|Junio - 2024
01|Alimentos y bebidas no alcohólicas|Nivel general y divisiones COICOP|7345.407|3.2|275.8|Nacional|Julio - 2024
02|Bebidas alcohólicas y tabaco|Nivel general y divisiones COICOP|5178.75|6.1|248.1|Nacional|Julio - 2024
03|Prendas de vestir y calzado|Nivel general y divisiones COICOP|5829.694|1.6|185.2|Nacional|Julio - 2024
05|Equipamiento y mantenimiento del hogar|Nivel general y divisiones COICOP|6282.946|3.5|244.7|Nacional|Julio - 2024
12|Bienes y servicios varios|Nivel general y divisiones COICOP|6545.92|3.5|320.5|Nacional|Julio - 2024
01|Alimentos y bebidas no alcohólicas|Nivel general y divisiones COICOP|7611.781|3.6|236.9|Nacional|Agosto - 2024
02|Bebidas alcohólicas y tabaco|Nivel general y divisiones COICOP|5336.261|3|230.7|Nacional|Agosto - 2024
03|Prendas de vestir y calzado|Nivel general y divisiones COICOP|5949.554|2.1|166.7|Nacional|Agosto - 2024
05|Equipamiento y mantenimiento del hogar|Nivel general y divisiones COICOP|6550.784|4.3|215.1|Nacional|Agosto - 2024
12|Bienes y servicios varios|Nivel general y divisiones COICOP|6694.719|2.3|293.3|Nacional|Agosto - 2024
01|Alimentos y bebidas no alcohólicas|Nivel general y divisiones COICOP|7787.142|2.3|201.4|Nacional|Septiembre - 2024
02|Bebidas alcohólicas y tabaco|Nivel general y divisiones COICOP|5453.59|2.2|203|Nacional|Septiembre - 2024
03|Prendas de vestir y calzado|Nivel general y divisiones COICOP|6308.997|6|144.4|Nacional|Septiembre - 2024
05|Equipamiento y mantenimiento del hogar|Nivel general y divisiones COICOP|6727.235|2.7|187.2|Nacional|Septiembre - 2024
12|Bienes y servicios varios|Nivel general y divisiones COICOP|6918.474|3.3|263.9|Nacional|Septiembre - 2024
01|Alimentos y bebidas no alcohólicas|Nivel general y divisiones COICOP|7880.586|1.2|183.2|Nacional|Octubre - 2024
02|Bebidas alcohólicas y tabaco|Nivel general y divisiones COICOP|5617.03|3|184.1|Nacional|Octubre - 2024
03|Prendas de vestir y calzado|Nivel general y divisiones COICOP|6588.189|4.4|130|Nacional|Octubre - 2024
05|Equipamiento y mantenimiento del hogar|Nivel general y divisiones COICOP|6903.035|2.6|166.2|Nacional|Octubre - 2024
12|Bienes y servicios varios|Nivel general y divisiones COICOP|7112.73|2.8|247.5|Nacional|Octubre - 2024
01|Alimentos y bebidas no alcohólicas|Nivel general y divisiones COICOP|7952.043|0.9|147.1|Nacional|Noviembre - 2024
02|Bebidas alcohólicas y tabaco|Nivel general y divisiones COICOP|5841.497|4|164.4|Nacional|Noviembre - 2024
03|Prendas de vestir y calzado|Nivel general y divisiones COICOP|6713.028|1.9|113|Nacional|Noviembre - 2024
05|Equipamiento y mantenimiento del hogar|Nivel general y divisiones COICOP|7007.157|1.5|140.3|Nacional|Noviembre - 2024
12|Bienes y servicios varios|Nivel general y divisiones COICOP|7275.147|2.3|218.7|Nacional|Noviembre - 2024
01|Alimentos y bebidas no alcohólicas|Nivel general y divisiones COICOP|8127.7647|2.2|94.7|Nacional|Diciembre - 2024
02|Bebidas alcohólicas y tabaco|Nivel general y divisiones COICOP|5987.6081|2.5|125.4|Nacional|Diciembre - 2024
03|Prendas de vestir y calzado|Nivel general y divisiones COICOP|6817.1412|1.6|84.5|Nacional|Diciembre - 2024
05|Equipamiento y mantenimiento del hogar|Nivel general y divisiones COICOP|7073.5091|0.9|85.7|Nacional|Diciembre - 2024
12|Bienes y servicios varios|Nivel general y divisiones COICOP|7430.8945|2.1|145.3|Nacional|Diciembre - 2024
01|Alimentos y bebidas no alcohólicas|Nivel general y divisiones COICOP|8278.1147|1.8|64.7|Nacional|Enero - 2025
02|Bebidas alcohólicas y tabaco|Nivel general y divisiones COICOP|6132.7085|2.4|90.7|Nacional|Enero - 2025
03|Prendas de vestir y calzado|Nivel general y divisiones COICOP|6772.1731|-0.7|63.7|Nacional|Enero - 2025
05|Equipamiento y mantenimiento del hogar|Nivel general y divisiones COICOP|7187.8539|1.6|54.2|Nacional|Enero - 2025
12|Bienes y servicios varios|Nivel general y divisiones COICOP|7614.4036|2.5|74.1|Nacional|Enero - 2025
01|Alimentos y bebidas no alcohólicas|Nivel general y divisiones COICOP|8546.6547|3.2|52|Nacional|Febrero - 2025
02|Bebidas alcohólicas y tabaco|Nivel general y divisiones COICOP|6212.9468|1.3|64.2|Nacional|Febrero - 2025
03|Prendas de vestir y calzado|Nivel general y divisiones COICOP|6800.5997|0.4|53.4|Nacional|Febrero - 2025
05|Equipamiento y mantenimiento del hogar|Nivel general y divisiones COICOP|7260.6442|1|41.2|Nacional|Febrero - 2025
12|Bienes y servicios varios|Nivel general y divisiones COICOP|7837.1446|2.9|53.7|Nacional|Febrero - 2025
01|Alimentos y bebidas no alcohólicas|Nivel general y divisiones COICOP|9051.2822|5.9|45.6|Nacional|Marzo - 2025
02|Bebidas alcohólicas y tabaco|Nivel general y divisiones COICOP|6262.1312|0.8|47.4|Nacional|Marzo - 2025
03|Prendas de vestir y calzado|Nivel general y divisiones COICOP|7112.5925|4.6|44.6|Nacional|Marzo - 2025
05|Equipamiento y mantenimiento del hogar|Nivel general y divisiones COICOP|7368.221|1.5|36.4|Nacional|Marzo - 2025
12|Bienes y servicios varios|Nivel general y divisiones COICOP|8084.5484|3.2|44.7|Nacional|Marzo - 2025
01|Alimentos y bebidas no alcohólicas|Nivel general y divisiones COICOP|9318.2093|2.9|41.4|Nacional|Abril - 2025
02|Bebidas alcohólicas y tabaco|Nivel general y divisiones COICOP|6440.2537|2.8|43.7|Nacional|Abril - 2025
03|Prendas de vestir y calzado|Nivel general y divisiones COICOP|7385.4063|3.8|36.9|Nacional|Abril - 2025
05|Equipamiento y mantenimiento del hogar|Nivel general y divisiones COICOP|7437.0978|0.9|29.3|Nacional|Abril - 2025
12|Bienes y servicios varios|Nivel general y divisiones COICOP|8290.2259|2.5|40.4|Nacional|Abril - 2025
01|Alimentos y bebidas no alcohólicas|Nivel general y divisiones COICOP|9365.3121|0.5|35.5|Nacional|Mayo - 2025
02|Bebidas alcohólicas y tabaco|Nivel general y divisiones COICOP|6477.8365|0.6|35.5|Nacional|Mayo - 2025
03|Prendas de vestir y calzado|Nivel general y divisiones COICOP|7453.7558|0.9|33.5|Nacional|Mayo - 2025
05|Equipamiento y mantenimiento del hogar|Nivel general y divisiones COICOP|7540.4993|1.4|27|Nacional|Mayo - 2025
12|Bienes y servicios varios|Nivel general y divisiones COICOP|8504.0579|2.6|38.1|Nacional|Mayo - 2025
01|Alimentos y bebidas no alcohólicas|Nivel general y divisiones COICOP|9418.0826|0.6|32.3|Nacional|Junio - 2025
02|Bebidas alcohólicas y tabaco|Nivel general y divisiones COICOP|6658.8334|2.8|36.4|Nacional|Junio - 2025
03|Prendas de vestir y calzado|Nivel general y divisiones COICOP|7490.0195|0.5|30.6|Nacional|Junio - 2025
05|Equipamiento y mantenimiento del hogar|Nivel general y divisiones COICOP|7683.5823|1.9|26.5|Nacional|Junio - 2025
12|Bienes y servicios varios|Nivel general y divisiones COICOP|8588.9464|1|35.7|Nacional|Junio - 2025
01|Alimentos y bebidas no alcohólicas|Nivel general y divisiones COICOP|9596.7407|1.9|30.6|Nacional|Julio - 2025
02|Bebidas alcohólicas y tabaco|Nivel general y divisiones COICOP|6701.1649|0.6|29.4|Nacional|Julio - 2025
03|Prendas de vestir y calzado|Nivel general y divisiones COICOP|7420.9382|-0.9|27.3|Nacional|Julio - 2025
05|Equipamiento y mantenimiento del hogar|Nivel general y divisiones COICOP|7801.8271|1.5|24.2|Nacional|Julio - 2025
12|Bienes y servicios varios|Nivel general y divisiones COICOP|8772.9432|2.1|34|Nacional|Julio - 2025
